dt,year,month,day_of_week,is_weekend,is_holiday,temp_mean,temp_max,temp_min,precipitation,wiki_pageviews,trends_interest,visitor_count
2023-01-01,2023,1,6,1,1,9.1,13.4,5.8,0.0,0,0,8926
2023-01-02,2023,1,0,0,1,8.6,14.2,3.1,0.0,0,0,8304
2023-01-03,2023,1,1,0,0,9.9,14.5,5.5,0.0,0,0,4886
2023-01-04,2023,1,2,0,0,10.1,16.5,4.4,0.0,0,0,4776
2023-01-05,2023,1,3,0,0,10.4,17.6,4.5,0.0,0,0,4526
2023-01-06,2023,1,4,0,0,9.2,13.3,5.6,0.3,0,0,5112
2023-01-07,2023,1,5,1,0,9.6,17.1,4.3,0.0,0,0,5879
2023-01-08,2023,1,6,1,0,9.4,16.3,3.4,0.0,0,0,6076
2023-01-09,2023,1,0,0,0,9.3,17.1,3.2,0.0,0,0,5109
2023-01-10,2023,1,1,0,0,9.4,16.8,3.8,0.0,0,0,5031
2023-01-11,2023,1,2,0,0,9.2,14.8,4.4,0.0,0,0,4925
2023-01-12,2023,1,3,0,0,9.3,16.0,2.8,0.0,0,0,5100
2023-01-13,2023,1,4,0,0,10.4,16.8,5.2,0.0,0,0,5119
2023-01-14,2023,1,5,1,0,9.9,16.2,4.4,0.0,0,0,6164
2023-01-15,2023,1,6,1,0,9.5,15.8,3.8,0.0,0,0,5697
2023-01-16,2023,1,0,0,0,9.1,16.2,3.8,0.0,0,0,4882
2023-01-17,2023,1,1,0,0,8.9,15.2,3.1,0.0,0,0,4816
2023-01-18,2023,1,2,0,0,8.9,15.3,3.3,0.0,0,0,5539
2023-01-19,2023,1,3,0,0,9.2,15.7,2.9,0.0,0,0,4831
2023-01-20,2023,1,4,0,0,9.3,15.9,3.6,0.0,0,0,5220
2023-01-21,2023,1,5,1,0,10.3,17.4,3.2,0.0,0,0,5724
2023-01-22,2023,1,6,1,1,10.7,18.0,3.6,0.0,0,0,9357
2023-01-23,2023,1,0,0,1,10.5,18.5,2.5,0.0,0,0,8092
2023-01-24,2023,1,1,0,1,9.9,17.8,3.7,0.0,0,0,8392
2023-01-25,2023,1,2,0,1,11.3,19.6,3.5,0.0,0,0,8775
2023-01-26,2023,1,3,0,1,13.1,21.1,4.8,0.0,0,0,8310
2023-01-27,2023,1,4,0,1,13.0,20.5,5.8,0.0,0,0,8642
2023-01-28,2023,1,5,1,0,11.1,19.9,4.0,0.0,0,0,6249
2023-01-29,2023,1,6,1,0,8.5,13.8,4.4,0.0,0,0,6113
2023-01-30,2023,1,0,0,0,11.8,21.0,4.0,0.0,0,0,5028
2023-01-31,2023,1,1,0,0,14.1,23.2,5.2,0.0,0,0,5139
2023-02-01,2023,2,2,0,0,14.9,23.0,7.1,0.0,0,0,5231
2023-02-02,2023,2,3,0,0,13.7,18.7,8.8,0.0,0,0,5195
2023-02-03,2023,2,4,0,0,12.4,19.9,5.4,0.0,0,0,5130
2023-02-04,2023,2,5,1,0,12.4,19.5,4.4,0.0,0,0,6305
2023-02-05,2023,2,6,1,0,11.9,18.4,5.7,0.0,0,0,6103
2023-02-06,2023,2,0,0,0,11.8,18.8,4.6,0.0,0,0,5183
2023-02-07,2023,2,1,0,0,11.9,18.6,5.5,0.0,0,0,5139
2023-02-08,2023,2,2,0,0,11.3,16.8,6.0,0.0,0,0,4828
2023-02-09,2023,2,3,0,0,10.9,17.6,4.1,0.0,0,0,4853
2023-02-10,2023,2,4,0,0,11.5,18.8,4.5,0.0,0,0,5174
2023-02-11,2023,2,5,1,0,12.0,19.1,5.2,0.0,0,0,6229
2023-02-12,2023,2,6,1,0,12.3,19.4,5.8,0.0,0,0,6361
2023-02-13,2023,2,0,0,0,12.5,19.7,5.3,0.0,0,0,4656
2023-02-14,2023,2,1,0,0,12.9,21.0,4.8,0.0,0,0,5243
2023-02-15,2023,2,2,0,0,13.5,20.9,6.3,0.0,0,0,4663
2023-02-16,2023,2,3,0,0,13.2,20.8,5.9,0.0,0,0,5121
2023-02-17,2023,2,4,0,0,13.3,20.4,6.0,0.0,0,0,4640
2023-02-18,2023,2,5,1,0,13.5,21.0,5.5,0.0,0,0,6465
2023-02-19,2023,2,6,1,0,13.7,21.3,6.1,0.0,0,0,6032
2023-02-20,2023,2,0,0,0,13.1,18.6,7.0,0.0,0,0,5563
2023-02-21,2023,2,1,0,0,13.5,19.2,6.7,0.0,0,0,5187
2023-02-22,2023,2,2,0,0,13.7,19.3,7.1,0.0,0,0,5322
2023-02-23,2023,2,3,0,0,12.8,18.1,6.2,0.5,0,0,5221
2023-02-24,2023,2,4,0,0,12.9,20.9,6.1,0.0,0,0,5479
2023-02-25,2023,2,5,1,0,12.7,20.2,5.7,0.0,0,0,6155
2023-02-26,2023,2,6,1,0,11.6,18.2,8.0,0.3,0,0,5881
2023-02-27,2023,2,0,0,0,10.7,14.7,6.8,0.2,0,0,4786
2023-02-28,2023,2,1,0,0,11.9,18.9,6.8,0.0,0,0,4894
2023-03-01,2023,3,2,0,0,13.2,20.6,5.8,0.0,0,0,5143
2023-03-02,2023,3,3,0,0,13.5,20.8,6.1,0.0,0,0,5215
2023-03-03,2023,3,4,0,0,13.7,22.1,5.8,0.0,0,0,5102
2023-03-04,2023,3,5,1,0,14.3,21.5,7.0,0.0,0,0,6260
2023-03-05,2023,3,6,1,0,14.5,21.2,6.5,0.0,0,0,6548
2023-03-06,2023,3,0,0,0,14.8,21.5,7.3,0.0,0,0,4846
2023-03-07,2023,3,1,0,0,15.2,22.7,7.2,0.0,0,0,5106
2023-03-08,2023,3,2,0,0,15.7,24.0,8.2,0.0,0,0,5443
2023-03-09,2023,3,3,0,0,16.5,24.1,8.1,0.0,0,0,5058
2023-03-10,2023,3,4,0,0,16.2,24.1,7.6,0.0,0,0,5466
2023-03-11,2023,3,5,1,0,16.5,24.4,8.6,0.0,0,0,6236
2023-03-12,2023,3,6,1,0,16.2,24.0,8.4,0.0,0,0,6191
2023-03-13,2023,3,0,0,0,13.5,19.6,7.4,0.1,0,0,5104
2023-03-14,2023,3,1,0,0,14.4,22.3,6.4,0.0,0,0,5217
2023-03-15,2023,3,2,0,0,14.7,22.1,8.1,0.0,0,0,5127
2023-03-16,2023,3,3,0,0,14.1,20.4,8.3,0.0,0,0,5474
2023-03-17,2023,3,4,0,0,14.9,22.8,7.6,0.0,0,0,5132
2023-03-18,2023,3,5,1,0,15.4,21.6,8.5,0.1,0,0,6512
2023-03-19,2023,3,6,1,0,15.8,23.5,8.3,0.0,0,0,6512
2023-03-20,2023,3,0,0,0,15.0,20.6,10.8,0.6,0,0,5156
2023-03-21,2023,3,1,0,0,14.2,20.2,9.1,0.0,0,0,5454
2023-03-22,2023,3,2,0,0,13.5,20.1,8.5,0.1,0,0,5513
2023-03-23,2023,3,3,0,0,13.4,20.6,6.4,0.0,0,0,5273
2023-03-24,2023,3,4,0,0,14.2,21.8,5.8,0.0,0,0,5352
2023-03-25,2023,3,5,1,0,15.1,22.9,7.3,0.0,0,0,5916
2023-03-26,2023,3,6,1,0,15.3,21.7,8.7,0.0,0,0,6393
2023-03-27,2023,3,0,0,0,15.2,22.5,9.1,0.3,0,0,5437
2023-03-28,2023,3,1,0,0,13.9,19.5,9.7,0.0,0,0,5534
2023-03-29,2023,3,2,0,0,13.8,22.0,5.8,0.0,0,0,5074
2023-03-30,2023,3,3,0,0,14.9,22.7,7.2,0.0,0,0,5252
2023-03-31,2023,3,4,0,0,15.1,22.4,8.3,0.0,0,0,5459
2023-04-01,2023,4,5,1,0,15.1,23.2,7.9,0.1,0,0,6128
2023-04-02,2023,4,6,1,0,14.1,20.0,10.8,2.6,0,0,6304
2023-04-03,2023,4,0,0,0,13.8,20.6,8.7,0.0,0,0,4578
2023-04-04,2023,4,1,0,0,14.5,21.5,7.8,0.0,0,0,5313
2023-04-05,2023,4,2,0,1,15.1,22.1,8.3,0.0,0,0,8250
2023-04-06,2023,4,3,0,0,15.7,22.5,9.3,0.0,0,0,4909
2023-04-07,2023,4,4,0,0,16.6,24.9,8.1,0.0,0,0,5213
2023-04-08,2023,4,5,1,0,17.7,26.1,8.9,0.0,0,0,6272
2023-04-09,2023,4,6,1,0,18.7,27.0,9.5,0.0,0,0,6413
2023-04-10,2023,4,0,0,0,18.8,26.6,10.3,0.0,0,0,4862
2023-04-11,2023,4,1,0,0,19.1,26.9,10.9,0.0,0,0,5165
2023-04-12,2023,4,2,0,0,19.1,27.2,10.8,0.0,0,0,5746
2023-04-13,2023,4,3,0,0,19.1,27.1,10.3,0.0,0,0,5380
2023-04-14,2023,4,4,0,0,20.4,28.7,10.8,0.0,0,0,5223
2023-04-15,2023,4,5,1,0,20.1,27.1,12.7,0.0,0,0,6615
2023-04-16,2023,4,6,1,0,21.2,28.4,13.2,0.0,0,0,6455
2023-04-17,2023,4,0,0,0,21.6,29.1,13.5,0.0,0,0,5592
2023-04-18,2023,4,1,0,0,21.0,28.1,13.0,0.0,0,0,5391
2023-04-19,2023,4,2,0,0,21.3,29.3,12.8,0.0,0,0,5829
2023-04-20,2023,4,3,0,0,20.8,28.2,13.1,0.0,0,0,5491
2023-04-21,2023,4,4,0,0,19.7,26.7,13.0,0.0,0,0,5475
2023-04-22,2023,4,5,1,0,18.9,25.7,12.9,0.0,0,0,6058
2023-04-23,2023,4,6,1,0,18.2,25.5,12.0,0.0,0,0,6203
2023-04-24,2023,4,0,0,0,18.4,24.3,12.8,0.0,0,0,5561
2023-04-25,2023,4,1,0,0,19.0,25.1,11.5,0.0,0,0,5207
2023-04-26,2023,4,2,0,0,19.2,25.1,13.3,0.0,0,0,5575
2023-04-27,2023,4,3,0,0,19.5,25.7,12.4,0.0,0,0,5049
2023-04-28,2023,4,4,0,0,18.6,24.2,12.8,0.0,0,0,5335
2023-04-29,2023,4,5,1,0,18.5,25.4,12.3,0.0,0,0,6576
2023-04-30,2023,4,6,1,0,18.5,24.4,12.4,0.0,0,0,6423
2023-05-01,2023,5,0,0,1,18.2,23.9,13.0,0.5,0,0,8615
2023-05-02,2023,5,1,0,1,18.5,24.8,13.7,0.0,0,0,8891
2023-05-03,2023,5,2,0,1,19.0,25.5,12.5,0.0,0,0,9093
2023-05-04,2023,5,3,0,0,20.5,28.3,12.9,0.0,0,0,5534
2023-05-05,2023,5,4,0,0,20.4,26.9,13.8,0.0,0,0,5748
2023-05-06,2023,5,5,1,0,20.5,26.6,13.9,0.0,0,0,6688
2023-05-07,2023,5,6,1,0,21.1,29.5,13.0,0.0,0,0,6394
2023-05-08,2023,5,0,0,0,21.8,29.7,14.1,0.0,0,0,5479
2023-05-09,2023,5,1,0,0,21.8,29.2,13.8,0.0,0,0,5727
2023-05-10,2023,5,2,0,0,20.7,26.7,14.9,0.3,0,0,5202
2023-05-11,2023,5,3,0,0,19.6,24.6,14.0,0.0,0,0,5169
2023-05-12,2023,5,4,0,0,21.0,28.5,12.4,0.0,0,0,5346
2023-05-13,2023,5,5,1,0,17.2,20.8,15.0,6.0,0,0,5770
2023-05-14,2023,5,6,1,0,14.0,15.1,12.7,15.3,0,0,5893
2023-05-15,2023,5,0,0,0,13.0,14.9,11.8,22.4,0,0,4901
2023-05-16,2023,5,1,0,0,17.2,23.0,12.4,0.0,0,0,5315
2023-05-17,2023,5,2,0,0,18.3,25.2,12.0,0.0,0,0,5025
2023-05-18,2023,5,3,0,0,19.7,26.4,13.0,0.0,0,0,4955
2023-05-19,2023,5,4,0,0,20.0,26.9,13.5,0.0,0,0,5461
2023-05-20,2023,5,5,1,0,20.4,26.9,14.2,0.1,0,0,6623
2023-05-21,2023,5,6,1,0,21.1,29.0,13.5,0.0,0,0,6741
2023-05-22,2023,5,0,0,0,21.4,29.7,14.1,0.0,0,0,5388
2023-05-23,2023,5,1,0,0,21.7,28.6,14.7,0.0,0,0,5078
2023-05-24,2023,5,2,0,0,21.9,28.9,15.5,0.0,0,0,5460
2023-05-25,2023,5,3,0,0,20.5,25.2,15.7,0.0,0,0,5260
2023-05-26,2023,5,4,0,0,20.7,27.3,15.7,0.1,0,0,5094
2023-05-27,2023,5,5,1,0,21.7,28.9,15.3,0.0,0,0,6713
2023-05-28,2023,5,6,1,0,22.7,29.8,15.0,0.0,0,0,6084
2023-05-29,2023,5,0,0,0,24.3,32.8,16.5,0.0,0,0,5502
2023-05-30,2023,5,1,0,0,25.2,33.0,17.2,0.0,0,0,5064
2023-05-31,2023,5,2,0,0,26.0,33.4,19.0,0.0,0,0,5325
2023-06-01,2023,6,3,0,0,25.6,33.3,18.0,0.0,0,0,5393
2023-06-02,2023,6,4,0,0,23.6,30.8,18.2,0.5,0,0,5475
2023-06-03,2023,6,5,1,0,23.1,29.8,17.6,0.4,0,0,6305
2023-06-04,2023,6,6,1,0,23.7,30.9,16.7,0.0,0,0,6541
2023-06-05,2023,6,0,0,0,24.6,32.4,17.0,0.0,0,0,4955
2023-06-06,2023,6,1,0,0,23.5,29.2,18.5,2.6,0,0,4885
2023-06-07,2023,6,2,0,0,22.3,28.3,17.6,2.3,0,0,5154
2023-06-08,2023,6,3,0,0,20.2,25.5,18.1,23.2,0,0,5164
2023-06-09,2023,6,4,0,0,19.1,22.2,17.3,29.1,0,0,5076
2023-06-10,2023,6,5,1,0,17.0,18.8,15.7,8.6,0,0,6231
2023-06-11,2023,6,6,1,0,18.0,21.7,15.5,0.3,0,0,6443
2023-06-12,2023,6,0,0,0,18.6,21.4,16.7,3.2,0,0,5092
2023-06-13,2023,6,1,0,0,18.5,21.3,16.8,5.9,0,0,5363
2023-06-14,2023,6,2,0,0,17.7,18.9,16.4,22.3,0,0,4734
2023-06-15,2023,6,3,0,0,20.0,24.3,17.1,2.7,0,0,5089
2023-06-16,2023,6,4,0,0,20.7,25.4,17.1,0.2,0,0,5488
2023-06-17,2023,6,5,1,0,20.9,26.5,16.6,0.0,0,0,6330
2023-06-18,2023,6,6,1,0,21.6,27.0,16.9,0.0,0,0,6186
2023-06-19,2023,6,0,0,0,21.7,26.6,16.8,1.0,0,0,5365
2023-06-20,2023,6,1,0,0,21.2,26.6,17.2,0.7,0,0,5545
2023-06-21,2023,6,2,0,0,21.3,26.4,17.7,0.3,0,0,5375
2023-06-22,2023,6,3,0,1,20.4,24.5,17.0,3.2,0,0,8533
2023-06-23,2023,6,4,0,1,19.8,24.4,17.8,6.6,0,0,8630
2023-06-24,2023,6,5,1,0,20.0,25.5,16.8,8.4,0,0,6561
2023-06-25,2023,6,6,1,0,20.9,26.3,16.4,2.3,0,0,6279
2023-06-26,2023,6,0,0,0,21.6,27.2,17.3,0.5,0,0,5495
2023-06-27,2023,6,1,0,0,22.5,27.2,17.9,0.0,0,0,5233
2023-06-28,2023,6,2,0,0,23.0,29.3,17.9,0.0,0,0,5303
2023-06-29,2023,6,3,0,0,23.1,29.1,18.0,0.0,0,0,5495
2023-06-30,2023,6,4,0,0,23.2,29.1,17.6,0.0,0,0,5290
2023-07-01,2023,7,5,1,0,23.8,29.8,18.1,0.0,0,0,6459
2023-07-02,2023,7,6,1,0,24.0,29.9,18.7,0.0,0,0,6369
2023-07-03,2023,7,0,0,0,24.0,29.8,19.3,0.1,0,0,5337
2023-07-04,2023,7,1,0,0,21.1,24.3,19.2,24.3,0,0,5191
2023-07-05,2023,7,2,0,0,21.5,27.1,17.9,0.1,0,0,5743
2023-07-06,2023,7,3,0,0,22.0,26.5,18.2,0.9,0,0,5121
2023-07-07,2023,7,4,0,0,22.4,27.3,18.2,0.3,0,0,5214
2023-07-08,2023,7,5,1,0,22.2,27.1,18.2,0.0,0,0,6524
2023-07-09,2023,7,6,1,0,20.9,24.3,19.1,16.9,0,0,6798
2023-07-10,2023,7,0,0,0,21.5,26.0,18.4,0.4,0,0,5558
2023-07-11,2023,7,1,0,0,21.2,25.6,18.2,0.5,0,0,5801
2023-07-12,2023,7,2,0,0,21.1,25.1,18.2,3.5,0,0,5106
2023-07-13,2023,7,3,0,0,20.9,25.5,17.8,10.4,0,0,5214
2023-07-14,2023,7,4,0,0,21.1,27.2,17.6,10.5,0,0,5625
2023-07-15,2023,7,5,1,0,20.8,25.2,18.3,4.1,0,0,6750
2023-07-16,2023,7,6,1,0,22.1,27.4,18.1,0.0,0,0,6480
2023-07-17,2023,7,0,0,0,22.6,27.8,17.9,0.0,0,0,5442
2023-07-18,2023,7,1,0,0,23.0,29.4,16.7,0.0,0,0,5437
2023-07-19,2023,7,2,0,0,22.9,28.4,17.1,0.0,0,0,5589
2023-07-20,2023,7,3,0,0,20.2,24.8,18.0,8.3,0,0,5414
2023-07-21,2023,7,4,0,0,20.7,24.4,17.6,9.3,0,0,5332
2023-07-22,2023,7,5,1,0,20.8,24.7,18.6,10.9,0,0,6503
2023-07-23,2023,7,6,1,0,21.0,25.5,17.5,0.8,0,0,7141
2023-07-24,2023,7,0,0,0,21.5,26.6,18.1,0.9,0,0,5235
2023-07-25,2023,7,1,0,0,21.3,25.7,18.1,0.1,0,0,5344
2023-07-26,2023,7,2,0,0,21.8,27.4,17.4,0.3,0,0,5320
2023-07-27,2023,7,3,0,0,22.5,28.8,17.8,1.0,0,0,5376
2023-07-28,2023,7,4,0,0,21.1,25.5,19.2,17.2,0,0,5037
2023-07-29,2023,7,5,1,0,20.3,24.4,18.5,20.0,0,0,5658
2023-07-30,2023,7,6,1,0,21.2,25.1,18.6,12.9,0,0,6362
2023-07-31,2023,7,0,0,0,20.8,25.5,17.6,20.4,0,0,4946
2023-08-01,2023,8,1,0,0,20.4,24.0,17.9,8.2,0,0,4923
2023-08-02,2023,8,2,0,0,20.5,25.1,18.3,17.4,0,0,4854
2023-08-03,2023,8,3,0,0,20.9,26.0,18.1,15.1,0,0,4933
2023-08-04,2023,8,4,0,0,20.6,24.6,18.4,5.9,0,0,5059
2023-08-05,2023,8,5,1,0,20.6,23.9,18.6,13.3,0,0,6150
2023-08-06,2023,8,6,1,0,19.9,22.2,18.7,21.8,0,0,6321
2023-08-07,2023,8,0,0,0,20.4,23.7,18.6,14.8,0,0,5228
2023-08-08,2023,8,1,0,0,21.1,25.0,17.9,9.0,0,0,5207
2023-08-09,2023,8,2,0,0,21.0,25.7,18.0,25.3,0,0,5385
2023-08-10,2023,8,3,0,0,21.3,25.1,18.3,5.0,0,0,5234
2023-08-11,2023,8,4,0,0,21.7,27.1,17.8,0.5,0,0,5326
2023-08-12,2023,8,5,1,0,20.2,22.9,18.7,9.9,0,0,6120
2023-08-13,2023,8,6,1,0,20.9,25.7,17.7,5.0,0,0,6366
2023-08-14,2023,8,0,0,0,21.2,24.6,18.1,5.1,0,0,5468
2023-08-15,2023,8,1,0,0,20.9,24.8,18.1,2.3,0,0,5106
2023-08-16,2023,8,2,0,0,21.0,25.6,17.1,6.7,0,0,5183
2023-08-17,2023,8,3,0,0,21.5,26.3,18.1,11.9,0,0,5653
2023-08-18,2023,8,4,0,0,21.8,26.7,17.7,2.9,0,0,5162
2023-08-19,2023,8,5,1,0,21.4,25.3,19.0,3.0,0,0,6499
2023-08-20,2023,8,6,1,0,21.3,25.9,17.9,1.0,0,0,6442
2023-08-21,2023,8,0,0,0,20.2,23.6,18.7,12.6,0,0,5187
2023-08-22,2023,8,1,0,0,19.7,22.8,18.2,17.5,0,0,5030
2023-08-23,2023,8,2,0,0,19.9,23.5,17.9,6.5,0,0,5154
2023-08-24,2023,8,3,0,0,19.3,22.2,17.9,14.0,0,0,5161
2023-08-25,2023,8,4,0,0,20.4,24.8,17.8,3.7,0,0,5396
2023-08-26,2023,8,5,1,0,21.0,25.6,17.8,0.3,0,0,6689
2023-08-27,2023,8,6,1,0,20.6,26.5,17.8,5.6,0,0,6874
2023-08-28,2023,8,0,0,0,19.0,20.7,17.8,8.7,0,0,5149
2023-08-29,2023,8,1,0,0,19.7,24.1,16.7,0.7,0,0,5712
2023-08-30,2023,8,2,0,0,19.0,21.4,17.9,22.9,0,0,5329
2023-08-31,2023,8,3,0,0,19.8,24.9,17.5,3.7,0,0,5389
2023-09-01,2023,9,4,0,0,19.5,23.1,17.7,12.3,0,0,4936
2023-09-02,2023,9,5,1,0,17.9,19.1,17.0,14.0,0,0,6150
2023-09-03,2023,9,6,1,0,19.8,25.1,15.2,0.2,0,0,6156
2023-09-04,2023,9,0,0,0,20.3,24.7,16.5,0.0,0,0,5397
2023-09-05,2023,9,1,0,0,20.0,24.3,16.5,0.5,0,0,5244
2023-09-06,2023,9,2,0,0,19.8,25.2,16.1,2.5,0,0,5517
2023-09-07,2023,9,3,0,0,19.9,24.0,17.2,4.4,0,0,5362
2023-09-08,2023,9,4,0,0,20.3,24.4,17.1,2.7,0,0,4982
2023-09-09,2023,9,5,1,0,20.1,24.9,16.9,11.3,0,0,6351
2023-09-10,2023,9,6,1,0,20.2,24.0,17.5,3.0,0,0,6604
2023-09-11,2023,9,0,0,0,20.9,25.9,17.1,0.7,0,0,5028
2023-09-12,2023,9,1,0,0,20.0,24.4,17.9,10.1,0,0,5395
2023-09-13,2023,9,2,0,0,18.2,20.1,16.4,6.7,0,0,4773
2023-09-14,2023,9,3,0,0,19.3,24.4,15.8,0.0,0,0,5261
2023-09-15,2023,9,4,0,0,20.5,25.6,16.3,0.0,0,0,5421
2023-09-16,2023,9,5,1,0,21.1,26.3,16.1,0.0,0,0,6542
2023-09-17,2023,9,6,1,0,20.9,27.3,15.6,0.0,0,0,6478
2023-09-18,2023,9,0,0,0,20.1,24.2,16.3,1.8,0,0,5648
2023-09-19,2023,9,1,0,0,20.3,25.5,16.9,0.0,0,0,5597
2023-09-20,2023,9,2,0,0,20.4,25.8,17.2,0.3,0,0,5453
2023-09-21,2023,9,3,0,0,20.3,25.0,17.2,0.2,0,0,5542
2023-09-22,2023,9,4,0,0,20.3,24.6,17.0,0.7,0,0,5200
2023-09-23,2023,9,5,1,0,20.6,25.3,17.1,0.0,0,0,6484
2023-09-24,2023,9,6,1,0,20.8,26.0,17.1,0.0,0,0,6434
2023-09-25,2023,9,0,0,0,20.8,26.5,16.8,0.0,0,0,5734
2023-09-26,2023,9,1,0,0,19.9,24.4,15.3,1.3,0,0,5342
2023-09-27,2023,9,2,0,0,19.8,25.0,16.4,9.2,0,0,5374
2023-09-28,2023,9,3,0,0,18.9,22.9,16.1,15.9,0,0,4990
2023-09-29,2023,9,4,0,1,19.0,23.2,15.9,5.1,0,0,8370
2023-09-30,2023,9,5,1,0,19.8,24.6,15.6,4.1,0,0,6485
2023-10-01,2023,10,6,1,1,20.2,25.1,16.6,0.8,0,0,9926
2023-10-02,2023,10,0,0,1,20.6,25.8,16.9,0.2,0,0,8745
2023-10-03,2023,10,1,0,1,20.5,25.4,16.8,0.1,0,0,8286
2023-10-04,2023,10,2,0,1,20.5,25.3,16.7,0.0,0,0,8602
2023-10-05,2023,10,3,0,1,20.2,25.0,16.7,0.3,0,0,9040
2023-10-06,2023,10,4,0,1,20.2,24.8,16.6,0.1,0,0,8941
2023-10-07,2023,10,5,1,0,18.1,21.3,16.5,22.2,0,0,6159
2023-10-08,2023,10,6,1,0,16.7,18.8,15.5,14.9,0,0,6168
2023-10-09,2023,10,0,0,0,17.8,21.6,15.7,5.6,0,0,5239
2023-10-10,2023,10,1,0,0,17.0,19.3,15.5,6.3,0,0,5210
2023-10-11,2023,10,2,0,0,17.3,20.0,15.7,3.0,0,0,5506
2023-10-12,2023,10,3,0,0,17.1,18.8,15.9,24.3,0,0,4726
2023-10-13,2023,10,4,0,0,16.2,17.7,14.3,19.8,0,0,5143
2023-10-14,2023,10,5,1,0,16.4,20.5,13.6,1.3,0,0,6403
2023-10-15,2023,10,6,1,0,16.3,20.9,13.0,2.3,0,0,6053
2023-10-16,2023,10,0,0,0,17.2,23.0,12.7,0.0,0,0,5344
2023-10-17,2023,10,1,0,0,16.7,21.9,12.3,0.0,0,0,5382
2023-10-18,2023,10,2,0,0,16.6,21.9,11.8,0.0,0,0,5262
2023-10-19,2023,10,3,0,0,16.7,23.2,11.1,0.0,0,0,5151
2023-10-20,2023,10,4,0,0,16.2,21.5,12.4,0.4,0,0,4987
2023-10-21,2023,10,5,1,0,16.2,22.0,11.2,0.0,0,0,6097
2023-10-22,2023,10,6,1,0,16.2,22.1,10.6,0.0,0,0,6232
2023-10-23,2023,10,0,0,0,16.7,22.9,11.5,0.0,0,0,5102
2023-10-24,2023,10,1,0,0,16.6,20.5,14.4,3.0,0,0,5436
2023-10-25,2023,10,2,0,0,17.1,21.0,14.7,2.4,0,0,5286
2023-10-26,2023,10,3,0,0,16.9,22.3,13.7,0.1,0,0,4957
2023-10-27,2023,10,4,0,0,16.3,21.5,12.0,0.0,0,0,5364
2023-10-28,2023,10,5,1,0,15.6,21.0,10.8,0.0,0,0,6353
2023-10-29,2023,10,6,1,0,15.0,20.8,10.5,0.0,0,0,6284
2023-10-30,2023,10,0,0,0,15.9,21.6,12.2,0.0,0,0,5331
2023-10-31,2023,10,1,0,0,15.8,21.5,11.0,0.0,0,0,5396
2023-11-01,2023,11,2,0,0,16.6,22.5,12.0,0.0,0,0,5420
2023-11-02,2023,11,3,0,0,16.1,21.2,12.2,0.0,0,0,5443
2023-11-03,2023,11,4,0,0,15.6,21.6,10.4,0.0,0,0,5401
2023-11-04,2023,11,5,1,0,15.2,20.1,10.5,0.0,0,0,6411
2023-11-05,2023,11,6,1,0,14.9,20.7,10.2,0.0,0,0,6356
2023-11-06,2023,11,0,0,0,14.9,21.1,10.3,0.0,0,0,5132
2023-11-07,2023,11,1,0,0,14.8,20.3,9.9,0.0,0,0,5271
2023-11-08,2023,11,2,0,0,14.4,20.0,9.9,0.0,0,0,5247
2023-11-09,2023,11,3,0,0,13.9,19.7,8.9,0.0,0,0,4861
2023-11-10,2023,11,4,0,0,13.7,19.7,8.6,0.0,0,0,4952
2023-11-11,2023,11,5,1,0,14.2,21.0,9.1,0.0,0,0,5928
2023-11-12,2023,11,6,1,0,14.3,20.8,9.1,0.0,0,0,6077
2023-11-13,2023,11,0,0,0,14.4,20.4,9.3,0.0,0,0,5336
2023-11-14,2023,11,1,0,0,15.3,21.7,9.6,0.0,0,0,5276
2023-11-15,2023,11,2,0,0,15.6,21.6,11.5,0.0,0,0,5069
2023-11-16,2023,11,3,0,0,12.7,14.3,9.9,0.1,0,0,5101
2023-11-17,2023,11,4,0,0,9.7,10.7,8.7,12.4,0,0,4743
2023-11-18,2023,11,5,1,0,10.6,12.0,9.9,17.7,0,0,5651
2023-11-19,2023,11,6,1,0,11.4,16.5,8.3,0.0,0,0,5944
2023-11-20,2023,11,0,0,0,11.9,19.1,7.4,0.0,0,0,5039
2023-11-21,2023,11,1,0,0,11.8,18.2,7.1,0.0,0,0,5182
2023-11-22,2023,11,2,0,0,13.3,19.3,8.7,0.0,0,0,5145
2023-11-23,2023,11,3,0,0,12.1,17.9,8.6,0.0,0,0,5201
2023-11-24,2023,11,4,0,0,12.1,18.7,7.6,0.0,0,0,5409
2023-11-25,2023,11,5,1,0,12.5,18.4,8.0,0.0,0,0,6324
2023-11-26,2023,11,6,1,0,12.4,17.6,7.9,0.0,0,0,6343
2023-11-27,2023,11,0,0,0,12.0,18.5,8.3,0.0,0,0,4954
2023-11-28,2023,11,1,0,0,12.2,19.3,7.5,0.0,0,0,5419
2023-11-29,2023,11,2,0,0,12.4,18.5,7.9,0.0,0,0,5104
2023-11-30,2023,11,3,0,0,13.3,19.7,8.9,0.0,0,0,5198
2023-12-01,2023,12,4,0,0,13.2,19.5,7.8,0.0,0,0,4658
2023-12-02,2023,12,5,1,0,13.3,19.8,8.9,0.0,0,0,6051
2023-12-03,2023,12,6,1,0,12.9,17.6,9.7,0.0,0,0,6205
2023-12-04,2023,12,0,0,0,12.5,18.1,8.9,0.0,0,0,4927
2023-12-05,2023,12,1,0,0,12.6,17.5,8.8,0.0,0,0,5025
2023-12-06,2023,12,2,0,0,11.5,14.9,7.8,0.4,0,0,4940
2023-12-07,2023,12,3,0,0,11.0,12.6,9.6,2.8,0,0,5289
2023-12-08,2023,12,4,0,0,12.3,15.7,10.6,4.4,0,0,4915
2023-12-09,2023,12,5,1,0,13.3,18.0,10.5,0.0,0,0,5993
2023-12-10,2023,12,6,1,0,11.7,17.0,8.1,0.0,0,0,6197
2023-12-11,2023,12,0,0,0,11.2,17.0,6.4,0.0,0,0,4871
2023-12-12,2023,12,1,0,0,10.6,16.8,5.3,0.0,0,0,5237
2023-12-13,2023,12,2,0,0,11.7,15.7,9.3,1.2,0,0,4844
2023-12-14,2023,12,3,0,0,11.5,14.7,9.6,0.4,0,0,5103
2023-12-15,2023,12,4,0,0,11.0,16.3,7.0,0.0,0,0,4877
2023-12-16,2023,12,5,1,0,10.5,16.4,5.4,0.0,0,0,6100
2023-12-17,2023,12,6,1,0,11.1,16.4,7.6,0.0,0,0,6273
2023-12-18,2023,12,0,0,0,11.1,16.4,7.6,0.0,0,0,4950
2023-12-19,2023,12,1,0,0,10.9,16.7,6.7,0.0,0,0,5329
2023-12-20,2023,12,2,0,0,9.9,16.8,4.7,0.0,0,0,5296
2023-12-21,2023,12,3,0,0,9.9,16.7,4.5,0.0,0,0,4977
2023-12-22,2023,12,4,0,0,10.1,16.0,6.1,0.1,0,0,5058
2023-12-23,2023,12,5,1,0,10.7,15.5,8.3,0.5,0,0,5913
2023-12-24,2023,12,6,1,0,10.1,13.1,8.2,0.6,0,0,6409
2023-12-25,2023,12,0,0,0,8.4,9.6,6.7,10.4,0,0,5118
2023-12-26,2023,12,1,0,0,8.6,13.3,5.7,0.0,0,0,5081
2023-12-27,2023,12,2,0,0,8.7,14.7,4.9,0.0,0,0,5238
2023-12-28,2023,12,3,0,0,9.2,14.6,4.6,0.0,0,0,5027
2023-12-29,2023,12,4,0,0,9.2,14.8,4.5,0.0,0,0,4904
2023-12-30,2023,12,5,1,0,9.1,14.9,5.3,0.0,0,0,6240
2023-12-31,2023,12,6,1,0,9.1,15.6,3.7,0.0,0,0,5661
2024-01-01,2024,1,0,0,1,9.0,14.1,4.2,0.0,0,0,8181
2024-01-02,2024,1,1,0,0,8.9,14.5,4.2,0.0,0,0,4941
2024-01-03,2024,1,2,0,0,9.0,15.1,4.1,0.0,0,0,4560
2024-01-04,2024,1,3,0,0,9.4,15.4,4.8,0.0,0,0,5116
2024-01-05,2024,1,4,0,0,9.4,15.3,4.9,0.0,0,0,5118
2024-01-06,2024,1,5,1,0,8.8,15.2,4.2,0.0,0,0,5949
2024-01-07,2024,1,6,1,0,9.5,16.2,4.8,0.0,0,0,6001
2024-01-08,2024,1,0,0,0,9.1,15.4,3.6,0.0,0,0,4813
2024-01-09,2024,1,1,0,0,9.0,16.8,3.6,0.0,0,0,4959
2024-01-10,2024,1,2,0,0,9.2,15.8,3.4,0.0,0,0,4870
2024-01-11,2024,1,3,0,0,9.8,16.4,4.4,0.0,0,0,5136
2024-01-12,2024,1,4,0,0,9.3,16.9,3.9,0.0,0,0,4929
2024-01-13,2024,1,5,1,0,9.7,18.0,4.4,0.0,0,0,6214
2024-01-14,2024,1,6,1,0,9.7,18.1,3.7,0.0,0,0,5507
2024-01-15,2024,1,0,0,0,10.1,16.7,4.2,0.0,0,0,4753
2024-01-16,2024,1,1,0,0,9.5,14.9,4.9,0.0,0,0,4945
2024-01-17,2024,1,2,0,0,9.1,14.0,5.2,0.0,0,0,5567
2024-01-18,2024,1,3,0,0,9.3,15.1,5.0,0.0,0,0,4701
2024-01-19,2024,1,4,0,0,9.2,14.7,4.9,0.0,0,0,5396
2024-01-20,2024,1,5,1,0,8.8,15.2,3.6,0.0,0,0,6088
2024-01-21,2024,1,6,1,0,9.5,15.2,5.6,0.1,0,0,6292
2024-01-22,2024,1,0,0,0,8.5,13.5,3.6,0.0,0,0,4828
2024-01-23,2024,1,1,0,0,8.6,15.0,2.3,0.0,0,0,5036
2024-01-24,2024,1,2,0,0,9.7,14.7,5.6,0.0,0,0,5005
2024-01-25,2024,1,3,0,0,7.1,8.0,6.5,6.5,0,0,4646
2024-01-26,2024,1,4,0,0,8.3,12.6,5.7,0.0,0,0,4842
2024-01-27,2024,1,5,1,0,8.1,11.3,6.0,0.1,0,0,5969
2024-01-28,2024,1,6,1,0,7.8,12.9,3.5,0.0,0,0,6060
2024-01-29,2024,1,0,0,0,8.2,15.1,2.2,0.0,0,0,5011
2024-01-30,2024,1,1,0,0,9.2,15.7,3.9,0.0,0,0,4785
2024-01-31,2024,1,2,0,0,9.1,15.4,3.7,0.0,0,0,5035
2024-02-01,2024,2,3,0,0,8.9,15.4,2.9,0.0,0,0,4928
2024-02-02,2024,2,4,0,0,8.5,12.8,5.1,0.3,0,0,4579
2024-02-03,2024,2,5,1,0,8.0,11.3,5.2,2.3,0,0,6210
2024-02-04,2024,2,6,1,0,7.2,12.8,1.9,0.0,0,0,6005
2024-02-05,2024,2,0,0,0,8.2,12.7,5.0,0.3,0,0,5006
2024-02-06,2024,2,1,0,0,9.5,14.2,7.8,1.3,0,0,5098
2024-02-07,2024,2,2,0,0,9.8,14.5,6.7,19.3,0,0,4589
2024-02-08,2024,2,3,0,0,10.4,15.3,6.9,0.0,0,0,4852
2024-02-09,2024,2,4,0,0,9.1,16.4,2.9,0.0,0,0,4981
2024-02-10,2024,2,5,1,1,8.7,13.2,4.2,0.1,0,0,9261
2024-02-11,2024,2,6,1,1,9.9,15.1,5.2,0.7,0,0,9548
2024-02-12,2024,2,0,0,1,9.9,15.8,4.8,0.0,0,0,8216
2024-02-13,2024,2,1,0,1,10.4,17.6,4.3,0.0,0,0,8581
2024-02-14,2024,2,2,0,1,10.9,18.6,3.8,0.0,0,0,8091
2024-02-15,2024,2,3,0,1,11.5,18.5,5.0,0.0,0,0,8534
2024-02-16,2024,2,4,0,1,11.5,17.3,6.0,0.0,0,0,8413
2024-02-17,2024,2,5,1,0,11.4,18.6,4.7,0.0,0,0,6259
2024-02-18,2024,2,6,1,0,11.7,19.2,4.7,0.0,0,0,6288
2024-02-19,2024,2,0,0,0,12.0,19.5,4.8,0.0,0,0,5068
2024-02-20,2024,2,1,0,0,12.5,19.1,6.3,0.0,0,0,5241
2024-02-21,2024,2,2,0,0,11.8,17.3,6.8,0.1,0,0,5128
2024-02-22,2024,2,3,0,0,12.6,18.9,7.3,0.0,0,0,5519
2024-02-23,2024,2,4,0,0,13.5,17.7,10.7,0.4,0,0,5055
2024-02-24,2024,2,5,1,0,13.2,19.3,10.3,2.5,0,0,6123
2024-02-25,2024,2,6,1,0,12.4,18.5,7.4,0.0,0,0,6278
2024-02-26,2024,2,0,0,0,13.6,20.4,7.2,0.0,0,0,5330
2024-02-27,2024,2,1,0,0,13.8,21.3,7.5,0.0,0,0,4938
2024-02-28,2024,2,2,0,0,12.7,19.0,7.9,0.2,0,0,4813
2024-02-29,2024,2,3,0,0,12.9,20.0,7.0,0.0,0,0,5368
2024-03-01,2024,3,4,0,0,13.2,20.3,6.5,0.0,0,0,5039
2024-03-02,2024,3,5,1,0,13.4,21.7,5.6,0.0,0,0,6070
2024-03-03,2024,3,6,1,0,13.8,23.0,6.9,0.0,0,0,6181
2024-03-04,2024,3,0,0,0,15.1,23.5,8.2,0.0,0,0,5048
2024-03-05,2024,3,1,0,0,14.9,22.1,9.2,0.0,0,0,5004
2024-03-06,2024,3,2,0,0,14.6,22.5,8.1,0.0,0,0,5332
2024-03-07,2024,3,3,0,0,14.7,22.0,7.4,0.0,0,0,5094
2024-03-08,2024,3,4,0,0,14.7,23.1,7.9,0.0,0,0,5203
2024-03-09,2024,3,5,1,0,14.0,21.5,6.5,0.0,0,0,5947
2024-03-10,2024,3,6,1,0,14.2,21.7,6.4,0.0,0,0,6142
2024-03-11,2024,3,0,0,0,14.8,23.6,6.8,0.0,0,0,5291
2024-03-12,2024,3,1,0,0,15.8,21.9,9.7,0.0,0,0,4977
2024-03-13,2024,3,2,0,0,15.7,22.4,10.4,0.0,0,0,5180
2024-03-14,2024,3,3,0,0,14.7,22.1,7.9,0.0,0,0,5157
2024-03-15,2024,3,4,0,0,15.4,23.2,9.0,0.0,0,0,5351
2024-03-16,2024,3,5,1,0,15.6,23.6,7.3,0.0,0,0,6295
2024-03-17,2024,3,6,1,0,16.2,24.0,7.8,0.0,0,0,6165
2024-03-18,2024,3,0,0,0,16.6,24.8,8.5,0.0,0,0,5487
2024-03-19,2024,3,1,0,0,15.9,23.4,8.7,0.4,0,0,5135
2024-03-20,2024,3,2,0,0,15.3,21.5,9.5,0.1,0,0,4894
2024-03-21,2024,3,3,0,0,17.0,25.8,8.9,0.0,0,0,5293
2024-03-22,2024,3,4,0,0,15.0,20.9,11.7,1.1,0,0,5122
2024-03-23,2024,3,5,1,0,14.1,20.7,8.0,0.0,0,0,6311
2024-03-24,2024,3,6,1,0,14.3,21.1,9.0,0.0,0,0,6190
2024-03-25,2024,3,0,0,0,15.6,25.1,7.6,0.0,0,0,5308
2024-03-26,2024,3,1,0,0,16.6,23.8,9.4,0.0,0,0,4965
2024-03-27,2024,3,2,0,0,15.1,22.7,10.0,0.0,0,0,5132
2024-03-28,2024,3,3,0,0,15.6,23.2,8.9,0.0,0,0,5292
2024-03-29,2024,3,4,0,0,16.4,23.6,10.1,0.0,0,0,5129
2024-03-30,2024,3,5,1,0,17.4,24.7,11.1,0.0,0,0,6539
2024-03-31,2024,3,6,1,0,16.9,23.4,12.1,0.3,0,0,6027
2024-04-01,2024,4,0,0,0,16.3,22.7,12.1,0.2,0,0,5310
2024-04-02,2024,4,1,0,0,17.1,25.3,10.5,0.0,0,0,5224
2024-04-03,2024,4,2,0,0,17.5,24.6,11.3,0.0,0,0,5205
2024-04-04,2024,4,3,0,1,17.4,24.2,11.5,0.1,0,0,8735
2024-04-05,2024,4,4,0,1,17.1,23.6,10.3,0.1,0,0,8608
2024-04-06,2024,4,5,1,0,18.1,24.9,11.4,0.0,0,0,6327
2024-04-07,2024,4,6,1,0,18.8,25.8,12.0,0.0,0,0,6681
2024-04-08,2024,4,0,0,0,19.4,26.9,12.1,0.0,0,0,5699
2024-04-09,2024,4,1,0,0,19.0,26.4,12.2,0.0,0,0,5205
2024-04-10,2024,4,2,0,0,18.2,24.7,12.0,0.2,0,0,5299
2024-04-11,2024,4,3,0,0,17.9,24.2,14.2,1.0,0,0,5109
2024-04-12,2024,4,4,0,0,18.4,25.4,11.3,0.0,0,0,5123
2024-04-13,2024,4,5,1,0,18.2,24.8,11.3,0.0,0,0,6506
2024-04-14,2024,4,6,1,0,19.1,28.1,10.4,0.0,0,0,6435
2024-04-15,2024,4,0,0,0,19.5,27.7,10.5,0.0,0,0,5524
2024-04-16,2024,4,1,0,0,19.9,27.5,12.2,0.0,0,0,5242
2024-04-17,2024,4,2,0,0,18.8,24.6,12.8,0.3,0,0,5524
2024-04-18,2024,4,3,0,0,19.2,27.4,12.7,0.0,0,0,5393
2024-04-19,2024,4,4,0,0,18.6,26.3,12.3,0.0,0,0,5158
2024-04-20,2024,4,5,1,0,17.1,22.2,12.8,0.0,0,0,6236
2024-04-21,2024,4,6,1,0,17.5,23.6,12.6,0.0,0,0,6726
2024-04-22,2024,4,0,0,0,19.1,25.8,12.9,0.0,0,0,5467
2024-04-23,2024,4,1,0,0,19.3,26.1,12.6,0.0,0,0,5596
2024-04-24,2024,4,2,0,0,19.6,26.0,13.1,0.0,0,0,5385
2024-04-25,2024,4,3,0,0,19.0,26.6,12.7,0.0,0,0,5124
2024-04-26,2024,4,4,0,0,18.8,26.8,10.7,0.0,0,0,5608
2024-04-27,2024,4,5,1,0,19.4,27.4,10.9,0.0,0,0,6556
2024-04-28,2024,4,6,1,0,19.9,27.5,12.9,0.0,0,0,6570
2024-04-29,2024,4,0,0,0,19.6,25.6,13.9,0.7,0,0,5430
2024-04-30,2024,4,1,0,0,18.8,24.9,12.6,0.1,0,0,5443
2024-05-01,2024,5,2,0,1,19.1,25.5,13.5,0.0,0,0,8842
2024-05-02,2024,5,3,0,1,18.6,26.7,13.4,0.7,0,0,8360
2024-05-03,2024,5,4,0,1,17.5,23.8,12.7,1.5,0,0,8988
2024-05-04,2024,5,5,1,0,18.6,26.7,11.0,0.0,0,0,6597
2024-05-05,2024,5,6,1,0,17.5,23.5,12.7,0.0,0,0,6232
2024-05-06,2024,5,0,0,0,17.7,23.6,12.4,0.0,0,0,5336
2024-05-07,2024,5,1,0,0,19.3,26.0,12.4,0.0,0,0,5077
2024-05-08,2024,5,2,0,0,19.2,23.8,14.6,1.3,0,0,5367
2024-05-09,2024,5,3,0,0,18.8,23.2,14.1,0.1,0,0,5445
2024-05-10,2024,5,4,0,0,19.0,25.9,13.0,0.0,0,0,5598
2024-05-11,2024,5,5,1,0,19.0,24.6,13.9,0.3,0,0,6430
2024-05-12,2024,5,6,1,0,19.9,26.3,13.4,0.2,0,0,6420
2024-05-13,2024,5,0,0,0,20.6,26.7,14.5,0.1,0,0,5381
2024-05-14,2024,5,1,0,0,22.2,29.7,15.5,0.0,0,0,5417
2024-05-15,2024,5,2,0,0,22.7,29.8,14.8,0.0,0,0,5332
2024-05-16,2024,5,3,0,0,22.6,29.6,17.1,0.6,0,0,5498
2024-05-17,2024,5,4,0,0,23.0,30.2,16.7,0.1,0,0,5440
2024-05-18,2024,5,5,1,0,21.9,29.7,15.7,0.0,0,0,6519
2024-05-19,2024,5,6,1,0,21.4,29.7,15.1,0.1,0,0,6522
2024-05-20,2024,5,0,0,0,17.1,20.2,15.4,11.5,0,0,5462
2024-05-21,2024,5,1,0,0,19.2,24.9,14.5,0.0,0,0,5169
2024-05-22,2024,5,2,0,0,19.9,26.5,14.2,0.0,0,0,5616
2024-05-23,2024,5,3,0,0,20.4,27.5,15.2,5.7,0,0,5073
2024-05-24,2024,5,4,0,0,21.2,27.6,15.1,0.1,0,0,6093
2024-05-25,2024,5,5,1,0,21.6,27.3,16.7,0.2,0,0,6402
2024-05-26,2024,5,6,1,0,21.1,26.6,16.9,0.5,0,0,6497
2024-05-27,2024,5,0,0,0,19.7,23.6,17.6,9.1,0,0,5286
2024-05-28,2024,5,1,0,0,19.8,23.2,17.9,8.6,0,0,5360
2024-05-29,2024,5,2,0,0,20.8,26.0,17.9,2.8,0,0,5197
2024-05-30,2024,5,3,0,0,21.2,27.4,16.5,0.0,0,0,5787
2024-05-31,2024,5,4,0,0,21.4,26.7,16.9,0.8,0,0,5405
2024-06-01,2024,6,5,1,0,22.0,27.8,17.5,2.3,0,0,6525
2024-06-02,2024,6,6,1,0,21.9,26.6,17.8,0.2,0,0,6858
2024-06-03,2024,6,0,0,0,21.6,27.3,16.8,0.6,0,0,5273
2024-06-04,2024,6,1,0,0,22.5,28.9,16.8,0.0,0,0,5662
2024-06-05,2024,6,2,0,0,22.3,29.0,17.8,2.1,0,0,5721
2024-06-06,2024,6,3,0,0,22.6,28.1,18.0,1.9,0,0,5482
2024-06-07,2024,6,4,0,0,22.7,29.0,18.3,0.3,0,0,5295
2024-06-08,2024,6,5,1,0,22.7,28.9,18.0,1.2,0,0,6866
2024-06-09,2024,6,6,1,0,21.6,26.5,18.8,11.1,0,0,6548
2024-06-10,2024,6,0,0,1,21.7,27.0,18.2,4.8,0,0,8622
2024-06-11,2024,6,1,0,0,22.9,27.9,18.5,0.2,0,0,5393
2024-06-12,2024,6,2,0,0,21.8,27.2,18.3,0.7,0,0,5612
2024-06-13,2024,6,3,0,0,21.8,26.5,18.2,0.3,0,0,5562
2024-06-14,2024,6,4,0,0,22.3,28.7,18.4,0.9,0,0,5278
2024-06-15,2024,6,5,1,0,21.0,24.9,18.8,14.6,0,0,6200
2024-06-16,2024,6,6,1,0,22.0,26.6,18.4,2.3,0,0,6687
2024-06-17,2024,6,0,0,0,21.9,28.8,18.1,1.0,0,0,5554
2024-06-18,2024,6,1,0,0,21.9,27.0,17.9,0.2,0,0,4990
2024-06-19,2024,6,2,0,0,21.7,27.4,18.0,0.7,0,0,5950
2024-06-20,2024,6,3,0,0,22.0,26.6,17.3,0.9,0,0,5480
2024-06-21,2024,6,4,0,0,22.9,28.9,17.6,0.0,0,0,5340
2024-06-22,2024,6,5,1,0,23.3,29.7,18.6,0.3,0,0,6404
2024-06-23,2024,6,6,1,0,23.1,29.5,18.5,1.1,0,0,6557
2024-06-24,2024,6,0,0,0,20.5,23.9,18.8,25.4,0,0,4914
2024-06-25,2024,6,1,0,0,19.9,24.2,17.7,7.1,0,0,5289
2024-06-26,2024,6,2,0,0,21.0,25.8,17.4,9.9,0,0,5465
2024-06-27,2024,6,3,0,0,20.4,24.0,18.4,12.9,0,0,5391
2024-06-28,2024,6,4,0,0,21.0,25.7,18.4,4.6,0,0,5265
2024-06-29,2024,6,5,1,0,20.3,23.7,18.0,4.3,0,0,6467
2024-06-30,2024,6,6,1,0,19.5,22.0,18.1,3.6,0,0,6559
2024-07-01,2024,7,0,0,0,18.9,20.8,17.9,20.6,0,0,4979
2024-07-02,2024,7,1,0,0,19.1,21.5,17.6,6.8,0,0,5662
2024-07-03,2024,7,2,0,0,21.0,25.6,17.9,6.3,0,0,5597
2024-07-04,2024,7,3,0,0,19.7,23.0,17.9,4.9,0,0,5183
2024-07-05,2024,7,4,0,0,20.6,25.3,18.0,2.7,0,0,5347
2024-07-06,2024,7,5,1,0,20.8,25.3,17.9,0.4,0,0,6341
2024-07-07,2024,7,6,1,0,21.4,25.7,17.9,0.7,0,0,6546
2024-07-08,2024,7,0,0,0,21.5,26.2,18.3,0.2,0,0,5497
2024-07-09,2024,7,1,0,0,21.4,25.4,18.5,0.3,0,0,5473
2024-07-10,2024,7,2,0,0,21.0,25.1,18.4,7.2,0,0,5359
2024-07-11,2024,7,3,0,0,20.6,24.4,18.1,1.9,0,0,5476
2024-07-12,2024,7,4,0,0,20.9,24.6,18.6,2.5,0,0,5196
2024-07-13,2024,7,5,1,0,21.8,27.2,18.4,1.2,0,0,6896
2024-07-14,2024,7,6,1,0,21.6,25.1,19.0,0.3,0,0,6381
2024-07-15,2024,7,0,0,0,21.2,25.5,18.6,0.5,0,0,5530
2024-07-16,2024,7,1,0,0,21.8,26.0,18.3,0.0,0,0,5187
2024-07-17,2024,7,2,0,0,21.9,25.7,18.7,0.0,0,0,5588
2024-07-18,2024,7,3,0,0,22.5,26.9,19.1,0.4,0,0,5323
2024-07-19,2024,7,4,0,0,23.1,27.9,18.6,0.4,0,0,5387
2024-07-20,2024,7,5,1,0,22.4,26.8,18.9,0.8,0,0,6609
2024-07-21,2024,7,6,1,0,19.9,20.8,19.2,17.7,0,0,6113
2024-07-22,2024,7,0,0,0,21.2,26.3,17.6,1.4,0,0,5670
2024-07-23,2024,7,1,0,0,22.4,27.1,18.2,0.8,0,0,5561
2024-07-24,2024,7,2,0,0,22.3,27.7,18.6,2.9,0,0,5527
2024-07-25,2024,7,3,0,0,21.7,26.4,18.1,6.8,0,0,5412
2024-07-26,2024,7,4,0,0,22.3,27.5,18.5,14.1,0,0,5438
2024-07-27,2024,7,5,1,0,23.1,28.0,18.9,0.0,0,0,6361
2024-07-28,2024,7,6,1,0,23.6,28.9,19.3,0.6,0,0,6593
2024-07-29,2024,7,0,0,0,21.6,26.0,19.2,14.1,0,0,4887
2024-07-30,2024,7,1,0,0,19.6,20.8,19.0,36.1,0,0,5329
2024-07-31,2024,7,2,0,0,20.5,24.4,18.2,5.1,0,0,5549
2024-08-01,2024,8,3,0,0,21.9,28.4,16.7,0.0,0,0,5248
2024-08-02,2024,8,4,0,0,22.0,27.5,17.8,0.1,0,0,5485
2024-08-03,2024,8,5,1,0,21.2,26.3,17.8,2.1,0,0,6621
2024-08-04,2024,8,6,1,0,20.1,23.0,18.7,17.0,0,0,6253
2024-08-05,2024,8,0,0,0,20.0,23.0,17.8,9.0,0,0,5194
2024-08-06,2024,8,1,0,0,20.1,25.6,17.1,12.8,0,0,5172
2024-08-07,2024,8,2,0,0,20.6,25.6,17.5,0.5,0,0,5607
2024-08-08,2024,8,3,0,0,21.0,25.5,17.2,0.2,0,0,5421
2024-08-09,2024,8,4,0,0,21.5,27.1,17.5,0.0,0,0,5480
2024-08-10,2024,8,5,1,0,20.3,24.1,18.2,8.1,0,0,6475
2024-08-11,2024,8,6,1,0,20.2,23.7,18.1,22.3,0,0,5970
2024-08-12,2024,8,0,0,0,21.6,26.8,17.6,0.1,0,0,5372
2024-08-13,2024,8,1,0,0,21.7,26.8,17.5,0.0,0,0,4999
2024-08-14,2024,8,2,0,0,21.9,26.6,17.3,0.2,0,0,5251
2024-08-15,2024,8,3,0,0,21.4,26.2,16.9,1.3,0,0,4994
2024-08-16,2024,8,4,0,0,19.6,22.5,17.0,18.5,0,0,5145
2024-08-17,2024,8,5,1,0,19.4,22.3,17.1,4.5,0,0,6612
2024-08-18,2024,8,6,1,0,18.7,20.1,17.6,18.2,0,0,5939
2024-08-19,2024,8,0,0,0,19.8,24.3,17.6,9.7,0,0,5128
2024-08-20,2024,8,1,0,0,20.4,24.9,18.1,1.7,0,0,4964
2024-08-21,2024,8,2,0,0,21.3,26.7,17.6,4.6,0,0,5450
2024-08-22,2024,8,3,0,0,21.7,26.8,17.3,0.7,0,0,5293
2024-08-23,2024,8,4,0,0,20.7,24.8,16.2,2.3,0,0,5289
2024-08-24,2024,8,5,1,0,21.1,25.7,17.3,8.9,0,0,6357
2024-08-25,2024,8,6,1,0,20.6,25.6,16.7,10.7,0,0,6176
2024-08-26,2024,8,0,0,0,20.6,24.4,17.2,7.0,0,0,5390
2024-08-27,2024,8,1,0,0,20.3,23.7,17.6,21.1,0,0,5078
2024-08-28,2024,8,2,0,0,21.3,25.1,17.6,17.0,0,0,5118
2024-08-29,2024,8,3,0,0,22.1,27.1,18.3,0.4,0,0,5584
2024-08-30,2024,8,4,0,0,22.0,27.6,18.1,2.3,0,0,5380
2024-08-31,2024,8,5,1,0,20.6,24.1,18.7,22.5,0,0,5843
2024-09-01,2024,9,6,1,0,20.0,23.2,17.6,19.8,0,0,6327
2024-09-02,2024,9,0,0,0,19.7,23.0,17.1,24.5,0,0,5169
2024-09-03,2024,9,1,0,0,19.7,23.9,17.3,3.2,0,0,5409
2024-09-04,2024,9,2,0,0,20.0,23.8,17.7,9.1,0,0,5053
2024-09-05,2024,9,3,0,0,19.0,23.0,16.9,22.9,0,0,4848
2024-09-06,2024,9,4,0,0,19.9,24.5,16.3,2.6,0,0,5379
2024-09-07,2024,9,5,1,0,21.1,25.4,16.4,0.4,0,0,6618
2024-09-08,2024,9,6,1,0,20.9,25.1,17.2,2.0,0,0,6177
2024-09-09,2024,9,0,0,0,20.1,23.7,18.2,19.3,0,0,5499
2024-09-10,2024,9,1,0,0,19.7,23.2,17.2,20.4,0,0,4903
2024-09-11,2024,9,2,0,0,19.2,23.0,16.6,20.5,0,0,5111
2024-09-12,2024,9,3,0,0,18.7,21.9,16.2,12.4,0,0,5176
2024-09-13,2024,9,4,0,0,19.3,24.7,16.1,5.2,0,0,5612
2024-09-14,2024,9,5,1,0,19.6,23.7,16.3,4.1,0,0,6238
2024-09-15,2024,9,6,1,0,20.6,25.9,16.3,0.0,0,0,6315
2024-09-16,2024,9,0,0,1,19.5,23.1,17.0,0.9,0,0,8637
2024-09-17,2024,9,1,0,1,19.6,24.3,16.6,3.6,0,0,8400
2024-09-18,2024,9,2,0,0,20.4,25.0,16.1,0.6,0,0,5730
2024-09-19,2024,9,3,0,0,21.3,25.9,17.7,0.1,0,0,5637
2024-09-20,2024,9,4,0,0,21.6,25.9,17.7,0.2,0,0,5419
2024-09-21,2024,9,5,1,0,21.5,25.6,17.9,0.8,0,0,6363
2024-09-22,2024,9,6,1,0,20.3,25.1,17.2,8.8,0,0,6588
2024-09-23,2024,9,0,0,0,20.1,24.2,15.9,1.4,0,0,5636
2024-09-24,2024,9,1,0,0,20.6,26.3,16.5,0.5,0,0,5272
2024-09-25,2024,9,2,0,0,20.8,25.1,17.5,2.6,0,0,5539
2024-09-26,2024,9,3,0,0,19.1,22.4,17.5,6.3,0,0,5295
2024-09-27,2024,9,4,0,0,19.2,23.3,16.8,3.2,0,0,5141
2024-09-28,2024,9,5,1,0,20.2,25.0,16.5,0.0,0,0,6480
2024-09-29,2024,9,6,1,0,20.5,24.8,16.8,0.0,0,0,6515
2024-09-30,2024,9,0,0,0,19.2,22.6,16.9,16.6,0,0,5275
2024-10-01,2024,10,1,0,1,17.9,20.1,15.9,10.7,0,0,8585
2024-10-02,2024,10,2,0,1,15.6,17.2,14.3,3.4,0,0,8247
2024-10-03,2024,10,3,0,1,17.0,20.5,14.0,1.1,0,0,8498
2024-10-04,2024,10,4,0,1,17.9,20.1,16.5,1.2,0,0,8708
2024-10-05,2024,10,5,1,0,18.6,22.1,16.0,2.4,0,0,6096
2024-10-06,2024,10,6,1,0,19.0,23.0,16.3,0.7,0,0,6629
2024-10-07,2024,10,0,0,1,18.4,21.8,16.0,2.2,0,0,8514
2024-10-08,2024,10,1,0,0,18.2,21.8,15.8,1.0,0,0,5157
2024-10-09,2024,10,2,0,0,18.1,22.3,15.4,4.0,0,0,5202
2024-10-10,2024,10,3,0,0,18.2,22.8,15.3,0.9,0,0,5122
2024-10-11,2024,10,4,0,0,17.7,21.5,14.9,0.8,0,0,5130
2024-10-12,2024,10,5,1,0,17.9,22.3,15.0,0.6,0,0,6751
2024-10-13,2024,10,6,1,0,17.2,21.6,14.4,0.3,0,0,6428
2024-10-14,2024,10,0,0,0,16.9,20.9,14.3,1.8,0,0,5400
2024-10-15,2024,10,1,0,0,16.1,20.1,13.2,2.5,0,0,5081
2024-10-16,2024,10,2,0,0,15.7,19.0,13.2,5.6,0,0,4996
2024-10-17,2024,10,3,0,0,16.4,21.4,13.1,0.0,0,0,5014
2024-10-18,2024,10,4,0,0,16.6,21.4,12.9,0.0,0,0,5202
2024-10-19,2024,10,5,1,0,16.9,23.0,12.4,0.2,0,0,6481
2024-10-20,2024,10,6,1,0,16.7,20.4,13.9,1.6,0,0,6569
2024-10-21,2024,10,0,0,0,16.5,20.5,13.6,0.3,0,0,4960
2024-10-22,2024,10,1,0,0,16.8,20.3,14.4,0.8,0,0,4822
2024-10-23,2024,10,2,0,0,15.5,17.1,14.6,9.9,0,0,5219
2024-10-24,2024,10,3,0,0,16.5,20.7,14.2,1.4,0,0,5110
2024-10-25,2024,10,4,0,0,17.2,22.5,13.1,0.0,0,0,5382
2024-10-26,2024,10,5,1,0,17.4,23.5,13.6,0.0,0,0,6494
2024-10-27,2024,10,6,1,0,16.7,21.0,13.7,0.0,0,0,6561
2024-10-28,2024,10,0,0,0,16.6,21.0,13.4,0.3,0,0,5225
2024-10-29,2024,10,1,0,0,16.5,22.3,12.0,0.2,0,0,5298
2024-10-30,2024,10,2,0,0,16.7,22.8,12.7,0.0,0,0,5090
2024-10-31,2024,10,3,0,0,16.9,22.5,12.7,0.0,0,0,5108
2024-11-01,2024,11,4,0,0,16.8,22.7,12.2,0.4,0,0,5227
2024-11-02,2024,11,5,1,0,16.0,19.7,13.8,5.9,0,0,5876
2024-11-03,2024,11,6,1,0,16.1,21.1,13.0,0.7,0,0,5917
2024-11-04,2024,11,0,0,0,14.7,17.6,12.3,8.6,0,0,4956
2024-11-05,2024,11,1,0,0,13.8,17.0,11.6,4.1,0,0,5272
2024-11-06,2024,11,2,0,0,13.2,15.1,11.3,8.5,0,0,5070
2024-11-07,2024,11,3,0,0,12.3,13.0,11.0,39.4,0,0,5041
2024-11-08,2024,11,4,0,0,11.0,12.2,9.9,12.0,0,0,4722
2024-11-09,2024,11,5,1,0,12.0,16.9,8.6,0.0,0,0,6169
2024-11-10,2024,11,6,1,0,14.0,19.5,10.3,0.1,0,0,6406
2024-11-11,2024,11,0,0,0,14.3,20.5,9.3,0.0,0,0,5385
2024-11-12,2024,11,1,0,0,14.1,19.5,10.1,0.0,0,0,5018
2024-11-13,2024,11,2,0,0,14.1,20.0,9.6,0.0,0,0,5180
2024-11-14,2024,11,3,0,0,13.7,20.3,9.3,0.0,0,0,5170
2024-11-15,2024,11,4,0,0,13.7,20.4,9.4,0.0,0,0,5012
2024-11-16,2024,11,5,1,0,13.5,20.6,9.2,0.0,0,0,6153
2024-11-17,2024,11,6,1,0,13.4,20.3,9.3,0.0,0,0,6084
2024-11-18,2024,11,0,0,0,12.9,18.6,8.2,0.0,0,0,4938
2024-11-19,2024,11,1,0,0,13.4,19.3,8.9,0.0,0,0,5154
2024-11-20,2024,11,2,0,0,13.3,19.0,10.5,0.1,0,0,5057
2024-11-21,2024,11,3,0,0,11.6,16.0,8.7,2.3,0,0,5189
2024-11-22,2024,11,4,0,0,11.2,16.1,8.0,0.2,0,0,5118
2024-11-23,2024,11,5,1,0,11.6,16.3,8.0,0.0,0,0,6166
2024-11-24,2024,11,6,1,0,11.9,16.4,8.6,0.0,0,0,6170
2024-11-25,2024,11,0,0,0,11.8,16.8,7.8,0.0,0,0,4935
2024-11-26,2024,11,1,0,0,12.2,16.9,7.8,0.0,0,0,5196
2024-11-27,2024,11,2,0,0,12.2,17.8,8.2,0.0,0,0,5511
2024-11-28,2024,11,3,0,0,11.9,17.6,8.1,0.0,0,0,4883
2024-11-29,2024,11,4,0,0,11.8,16.4,9.2,0.0,0,0,5093
2024-11-30,2024,11,5,1,0,11.6,16.5,8.0,0.0,0,0,6405
2024-12-01,2024,12,6,1,0,11.1,16.7,7.0,0.0,0,0,6405
2024-12-02,2024,12,0,0,0,11.1,17.1,6.5,0.0,0,0,5183
2024-12-03,2024,12,1,0,0,11.5,17.1,6.9,0.0,0,0,5473
2024-12-04,2024,12,2,0,0,11.2,16.8,7.2,0.0,0,0,5006
2024-12-05,2024,12,3,0,0,11.4,17.1,7.5,0.0,0,0,4914
2024-12-06,2024,12,4,0,0,11.0,17.2,6.7,0.0,0,0,5259
2024-12-07,2024,12,5,1,0,11.2,17.2,6.7,0.0,0,0,6205
2024-12-08,2024,12,6,1,0,11.6,17.4,7.1,0.0,0,0,6138
2024-12-09,2024,12,0,0,0,11.9,17.6,8.0,0.0,0,0,4824
2024-12-10,2024,12,1,0,0,12.3,17.6,9.0,0.0,0,0,5208
2024-12-11,2024,12,2,0,0,10.8,16.4,6.7,0.0,0,0,5250
2024-12-12,2024,12,3,0,0,11.4,17.6,6.8,0.0,0,0,4734
2024-12-13,2024,12,4,0,0,11.7,18.0,7.1,0.0,0,0,5215
2024-12-14,2024,12,5,1,0,11.7,17.4,7.5,0.0,0,0,6095
2024-12-15,2024,12,6,1,0,11.5,17.5,7.2,0.0,0,0,6283
2024-12-16,2024,12,0,0,0,10.8,17.7,6.4,0.0,0,0,5192
2024-12-17,2024,12,1,0,0,11.1,17.8,6.0,0.0,0,0,4848
2024-12-18,2024,12,2,0,0,10.3,16.0,5.4,0.0,0,0,5244
2024-12-19,2024,12,3,0,0,10.4,16.4,5.4,0.0,0,0,4891
2024-12-20,2024,12,4,0,0,10.6,16.5,6.2,0.0,0,0,5130
2024-12-21,2024,12,5,1,0,9.0,12.7,5.6,0.1,0,0,5987
2024-12-22,2024,12,6,1,0,10.6,14.4,8.0,0.3,0,0,6184
2024-12-23,2024,12,0,0,0,9.3,16.7,4.8,0.0,0,0,4936
2024-12-24,2024,12,1,0,0,10.3,16.8,5.4,0.0,0,0,4767
2024-12-25,2024,12,2,0,0,10.5,16.5,6.3,0.0,0,0,4870
2024-12-26,2024,12,3,0,0,10.8,17.4,5.8,0.0,0,0,5232
2024-12-27,2024,12,4,0,0,10.6,17.8,5.4,0.0,0,0,4793
2024-12-28,2024,12,5,1,0,10.9,17.9,5.7,0.0,0,0,5769
2024-12-29,2024,12,6,1,0,11.5,18.2,6.2,0.0,0,0,5983
2024-12-30,2024,12,0,0,0,11.5,16.2,7.8,0.0,0,0,5021
2024-12-31,2024,12,1,0,0,10.6,16.0,6.2,0.0,0,0,5439
2025-01-01,2025,1,2,0,1,10.0,16.7,4.7,0.0,0,0,8102
2025-01-02,2025,1,3,0,0,10.0,16.9,5.3,0.0,0,0,4834
2025-01-03,2025,1,4,0,0,10.3,17.0,5.7,0.0,0,0,5109
2025-01-04,2025,1,5,1,0,10.6,17.8,5.3,0.0,0,0,6213
2025-01-05,2025,1,6,1,0,11.0,17.0,7.7,0.3,0,0,5923
2025-01-06,2025,1,0,0,0,10.3,17.1,5.3,0.0,0,0,5072
2025-01-07,2025,1,1,0,0,11.1,16.3,6.7,0.0,0,0,5153
2025-01-08,2025,1,2,0,0,9.1,11.1,7.0,2.1,0,0,4811
2025-01-09,2025,1,3,0,0,8.6,13.5,5.2,0.0,0,0,4796
2025-01-10,2025,1,4,0,0,9.5,14.2,5.0,0.0,0,0,5081
2025-01-11,2025,1,5,1,0,9.1,14.3,5.5,0.1,0,0,5862
2025-01-12,2025,1,6,1,0,8.7,13.3,5.6,0.0,0,0,5766
2025-01-13,2025,1,0,0,0,10.1,13.6,7.4,0.1,0,0,4840
2025-01-14,2025,1,1,0,0,9.8,14.7,5.9,0.0,0,0,4917
2025-01-15,2025,1,2,0,0,9.4,15.2,5.1,0.1,0,0,5055
2025-01-16,2025,1,3,0,0,9.3,15.6,4.9,0.1,0,0,4982
2025-01-17,2025,1,4,0,0,10.7,18.2,5.3,0.0,0,0,5094
2025-01-18,2025,1,5,1,0,11.7,19.6,5.7,0.0,0,0,6528
2025-01-19,2025,1,6,1,0,11.8,19.2,5.6,0.0,0,0,6492
2025-01-20,2025,1,0,0,0,11.4,19.2,5.2,0.0,0,0,5040
2025-01-21,2025,1,1,0,0,11.4,18.2,5.6,0.0,0,0,5083
2025-01-22,2025,1,2,0,0,11.5,17.9,6.3,0.0,0,0,5288
2025-01-23,2025,1,3,0,0,12.0,19.1,6.7,0.0,0,0,4851
2025-01-24,2025,1,4,0,0,12.3,19.6,7.2,0.0,0,0,5179
2025-01-25,2025,1,5,1,0,11.2,15.1,7.6,0.0,0,0,6476
2025-01-26,2025,1,6,1,0,7.1,9.9,3.6,0.6,0,0,5955
2025-01-27,2025,1,0,0,0,3.7,5.7,1.8,5.8,0,0,4376
2025-01-28,2025,1,1,0,0,4.6,5.8,3.4,5.6,0,0,4326
2025-01-29,2025,1,2,0,1,7.9,13.6,2.9,0.0,0,0,8049
2025-01-30,2025,1,3,0,1,9.9,13.4,6.3,0.0,0,0,8357
2025-01-31,2025,1,4,0,1,10.5,17.0,5.7,0.0,0,0,8226
2025-02-01,2025,2,5,1,0,10.6,17.9,5.0,0.0,0,0,5949
2025-02-02,2025,2,6,1,0,10.7,17.4,5.3,0.0,0,0,5912
2025-02-03,2025,2,0,0,0,10.6,17.1,5.0,0.0,0,0,4904
2025-02-04,2025,2,1,0,0,10.9,18.7,5.5,0.0,0,0,5141
2025-02-05,2025,2,2,0,0,12.2,19.6,5.8,0.0,0,0,4811
2025-02-06,2025,2,3,0,0,12.6,19.6,7.2,0.0,0,0,4873
2025-02-07,2025,2,4,0,0,12.2,19.9,6.2,0.0,0,0,4974
2025-02-08,2025,2,5,1,0,11.8,18.6,5.6,0.0,0,0,6145
2025-02-09,2025,2,6,1,0,12.1,18.0,6.2,0.0,0,0,6277
2025-02-10,2025,2,0,0,0,12.4,18.1,7.3,0.0,0,0,4934
2025-02-11,2025,2,1,0,0,12.4,18.3,6.9,0.0,0,0,4902
2025-02-12,2025,2,2,0,0,11.7,17.4,6.2,0.0,0,0,5099
2025-02-13,2025,2,3,0,0,10.2,15.6,6.2,1.0,0,0,5017
2025-02-14,2025,2,4,0,0,9.4,13.0,6.2,5.1,0,0,4818
2025-02-15,2025,2,5,1,0,10.5,16.4,5.4,0.0,0,0,6124
2025-02-16,2025,2,6,1,0,9.5,13.8,6.1,1.8,0,0,6119
2025-02-17,2025,2,0,0,0,10.3,16.7,5.3,0.1,0,0,4981
2025-02-18,2025,2,1,0,0,10.8,17.4,5.1,0.0,0,0,4941
2025-02-19,2025,2,2,0,0,10.1,15.4,7.0,0.8,0,0,4862
2025-02-20,2025,2,3,0,0,10.8,17.9,5.0,0.0,0,0,5081
2025-02-21,2025,2,4,0,0,11.3,18.1,5.4,0.0,0,0,4953
2025-02-22,2025,2,5,1,0,11.7,18.0,6.3,0.0,0,0,6278
2025-02-23,2025,2,6,1,0,12.1,19.3,6.1,0.0,0,0,6116
2025-02-24,2025,2,0,0,0,11.9,17.6,7.4,0.0,0,0,4988
2025-02-25,2025,2,1,0,0,11.6,18.2,6.4,0.1,0,0,4843
2025-02-26,2025,2,2,0,0,11.8,19.3,5.8,0.1,0,0,4853
2025-02-27,2025,2,3,0,0,12.4,21.1,4.9,0.0,0,0,5076
2025-02-28,2025,2,4,0,0,13.4,22.4,6.1,0.0,0,0,5136
2025-03-01,2025,3,5,1,0,13.2,19.5,8.1,0.0,0,0,6251
2025-03-02,2025,3,6,1,0,12.2,18.6,8.3,0.9,0,0,6067
2025-03-03,2025,3,0,0,0,12.1,17.8,6.8,0.0,0,0,5213
2025-03-04,2025,3,1,0,0,12.8,20.1,7.4,0.0,0,0,4836
2025-03-05,2025,3,2,0,0,13.3,20.5,7.4,0.0,0,0,5151
2025-03-06,2025,3,3,0,0,13.2,20.4,7.0,0.0,0,0,5421
2025-03-07,2025,3,4,0,0,12.9,19.2,7.3,0.6,0,0,5362
2025-03-08,2025,3,5,1,0,13.7,20.2,8.1,0.1,0,0,6572
2025-03-09,2025,3,6,1,0,13.9,20.7,8.2,0.0,0,0,6522
2025-03-10,2025,3,0,0,0,14.7,22.4,7.9,0.0,0,0,5374
2025-03-11,2025,3,1,0,0,15.2,23.2,7.7,0.0,0,0,5203
2025-03-12,2025,3,2,0,0,15.2,22.2,8.5,0.0,0,0,5304
2025-03-13,2025,3,3,0,0,13.6,19.6,8.3,0.3,0,0,5105
2025-03-14,2025,3,4,0,0,12.8,18.0,8.0,0.0,0,0,5367
2025-03-15,2025,3,5,1,0,14.2,20.1,8.8,0.0,0,0,6245
2025-03-16,2025,3,6,1,0,14.0,19.9,8.3,0.3,0,0,5968
2025-03-17,2025,3,0,0,0,15.5,21.6,10.4,0.3,0,0,5363
2025-03-18,2025,3,1,0,0,13.9,20.2,8.8,4.7,0,0,5211
2025-03-19,2025,3,2,0,0,9.7,14.8,6.1,1.5,0,0,4907
2025-03-20,2025,3,3,0,0,11.9,16.6,8.6,0.0,0,0,4969
2025-03-21,2025,3,4,0,0,13.6,19.5,9.7,0.5,0,0,5293
2025-03-22,2025,3,5,1,0,14.5,19.9,10.4,0.1,0,0,6642
2025-03-23,2025,3,6,1,0,13.5,19.0,10.1,0.1,0,0,5729
2025-03-24,2025,3,0,0,0,13.7,19.9,8.7,0.0,0,0,5310
2025-03-25,2025,3,1,0,0,14.6,22.2,7.9,0.0,0,0,5214
2025-03-26,2025,3,2,0,0,15.7,23.7,8.5,0.0,0,0,5269
2025-03-27,2025,3,3,0,0,16.5,24.9,8.9,0.0,0,0,5223
2025-03-28,2025,3,4,0,0,17.3,25.3,9.6,0.0,0,0,5214
2025-03-29,2025,3,5,1,0,17.5,23.4,11.8,0.0,0,0,6594
2025-03-30,2025,3,6,1,0,18.1,25.5,10.8,0.0,0,0,6496
2025-03-31,2025,3,0,0,0,18.3,26.2,11.0,0.0,0,0,5506
2025-04-01,2025,4,1,0,0,18.4,26.4,12.0,0.0,0,0,5342
2025-04-02,2025,4,2,0,0,18.6,26.2,12.0,0.0,0,0,5577
2025-04-03,2025,4,3,0,0,19.0,27.6,11.7,0.0,0,0,5060
2025-04-04,2025,4,4,0,1,19.6,27.0,12.4,0.0,0,0,9006
2025-04-05,2025,4,5,1,0,16.6,21.2,12.8,1.9,0,0,5996
2025-04-06,2025,4,6,1,0,16.6,23.7,9.9,0.0,0,0,6456
2025-04-07,2025,4,0,0,0,17.5,23.8,10.6,0.0,0,0,5292
2025-04-08,2025,4,1,0,0,18.7,25.0,12.7,0.0,0,0,5466
2025-04-09,2025,4,2,0,0,19.4,26.6,12.3,0.0,0,0,5634
2025-04-10,2025,4,3,0,0,18.9,26.0,11.3,0.0,0,0,5292
2025-04-11,2025,4,4,0,0,18.4,24.5,12.5,0.3,0,0,5117
2025-04-12,2025,4,5,1,0,17.4,24.6,12.6,4.5,0,0,6166
2025-04-13,2025,4,6,1,0,15.1,22.4,10.6,0.7,0,0,6207
2025-04-14,2025,4,0,0,0,18.1,25.8,11.8,0.0,0,0,5257
2025-04-15,2025,4,1,0,0,18.5,24.1,13.4,0.3,0,0,5131
2025-04-16,2025,4,2,0,0,18.5,25.5,13.3,0.0,0,0,5353
2025-04-17,2025,4,3,0,0,18.3,25.2,13.5,0.0,0,0,5375
2025-04-18,2025,4,4,0,0,18.2,24.5,12.6,0.1,0,0,5170
2025-04-19,2025,4,5,1,0,18.3,24.7,12.5,0.0,0,0,6596
2025-04-20,2025,4,6,1,0,19.0,25.8,13.1,0.1,0,0,6616
2025-04-21,2025,4,0,0,0,19.2,25.3,14.0,0.1,0,0,5394
2025-04-22,2025,4,1,0,0,19.5,26.5,14.0,0.0,0,0,5295
2025-04-23,2025,4,2,0,0,19.0,25.7,13.9,0.6,0,0,5459
2025-04-24,2025,4,3,0,0,19.0,25.9,13.7,0.5,0,0,5426
2025-04-25,2025,4,4,0,0,18.6,24.2,13.1,0.0,0,0,5167
2025-04-26,2025,4,5,1,0,19.4,25.8,13.5,0.0,0,0,6252
2025-04-27,2025,4,6,1,0,20.2,28.1,12.8,0.0,0,0,6392
2025-04-28,2025,4,0,0,0,20.0,27.0,13.1,0.0,0,0,5469
2025-04-29,2025,4,1,0,0,20.3,25.6,15.5,0.0,0,0,5240
2025-04-30,2025,4,2,0,0,19.1,26.2,15.2,1.1,0,0,5470
2025-05-01,2025,5,3,0,1,15.3,17.4,13.8,10.0,0,0,8545
2025-05-02,2025,5,4,0,0,15.3,19.4,13.4,1.3,0,0,5201
2025-05-03,2025,5,5,1,0,16.7,22.2,12.1,0.8,0,0,6274
2025-05-04,2025,5,6,1,0,18.2,24.9,12.3,0.0,0,0,6592
2025-05-05,2025,5,0,0,0,19.4,26.2,13.2,0.0,0,0,5532
2025-05-06,2025,5,1,0,0,20.0,25.9,13.9,0.1,0,0,5181
2025-05-07,2025,5,2,0,0,20.3,27.4,14.7,0.0,0,0,5447
2025-05-08,2025,5,3,0,0,20.4,27.3,14.7,0.1,0,0,5397
2025-05-09,2025,5,4,0,0,21.2,28.8,13.7,0.0,0,0,5569
2025-05-10,2025,5,5,1,0,21.2,28.3,15.5,1.6,0,0,6632
2025-05-11,2025,5,6,1,0,19.3,26.0,14.8,1.3,0,0,6096
2025-05-12,2025,5,0,0,0,20.0,26.4,15.5,0.8,0,0,5815
2025-05-13,2025,5,1,0,0,19.7,25.5,15.0,0.5,0,0,4916
2025-05-14,2025,5,2,0,0,20.7,26.8,15.8,0.1,0,0,5292
2025-05-15,2025,5,3,0,0,21.2,27.0,15.7,0.0,0,0,5899
2025-05-16,2025,5,4,0,0,21.5,26.8,16.0,0.4,0,0,5505
2025-05-17,2025,5,5,1,0,21.5,27.8,16.0,0.0,0,0,6800
2025-05-18,2025,5,6,1,0,21.8,27.8,16.2,0.0,0,0,6366
2025-05-19,2025,5,0,0,0,21.9,28.0,17.0,0.8,0,0,5277
2025-05-20,2025,5,1,0,0,22.0,28.4,16.5,0.2,0,0,5493
2025-05-21,2025,5,2,0,0,21.8,26.2,16.6,0.2,0,0,5117
2025-05-22,2025,5,3,0,0,22.9,29.6,16.4,0.0,0,0,5259
2025-05-23,2025,5,4,0,0,17.6,22.1,15.9,17.1,0,0,5085
2025-05-24,2025,5,5,1,0,15.1,15.9,14.2,25.5,0,0,5767
2025-05-25,2025,5,6,1,0,14.7,16.1,13.9,15.4,0,0,6080
2025-05-26,2025,5,0,0,0,15.5,17.1,13.6,7.4,0,0,4939
2025-05-27,2025,5,1,0,0,17.1,20.6,15.3,25.9,0,0,5054
2025-05-28,2025,5,2,0,0,17.7,19.9,16.0,39.0,0,0,5172
2025-05-29,2025,5,3,0,0,18.3,22.2,16.6,30.5,0,0,4684
2025-05-30,2025,5,4,0,0,19.9,24.4,17.0,9.9,0,0,5174
2025-05-31,2025,5,5,1,1,20.0,23.4,17.6,3.8,0,0,9573
2025-06-01,2025,6,6,1,0,20.2,24.1,17.5,2.7,0,0,6423
2025-06-02,2025,6,0,0,1,20.0,24.5,17.8,18.3,0,0,8176
2025-06-03,2025,6,1,0,0,19.3,23.7,17.0,13.2,0,0,5275
2025-06-04,2025,6,2,0,0,19.8,25.0,16.4,1.4,0,0,5378
2025-06-05,2025,6,3,0,0,20.8,27.0,15.8,0.1,0,0,5344
2025-06-06,2025,6,4,0,0,21.6,27.2,16.6,0.2,0,0,5381
2025-06-07,2025,6,5,1,0,21.7,27.2,16.8,0.0,0,0,6513
2025-06-08,2025,6,6,1,0,21.8,27.0,17.2,0.9,0,0,5982
2025-06-09,2025,6,0,0,0,20.5,26.6,17.4,7.1,0,0,5148
2025-06-10,2025,6,1,0,0,18.1,21.3,16.7,57.6,0,0,4666
2025-06-11,2025,6,2,0,0,20.6,25.9,16.0,0.0,0,0,5393
2025-06-12,2025,6,3,0,0,21.6,27.1,17.1,0.0,0,0,5445
2025-06-13,2025,6,4,0,0,22.3,28.0,17.4,0.0,0,0,5712
2025-06-14,2025,6,5,1,0,22.6,27.2,18.0,0.0,0,0,6391
2025-06-15,2025,6,6,1,0,21.2,24.5,18.5,7.6,0,0,6046
2025-06-16,2025,6,0,0,0,21.0,25.3,18.1,4.7,0,0,5566
2025-06-17,2025,6,1,0,0,21.2,24.8,18.2,8.2,0,0,5188
2025-06-18,2025,6,2,0,0,21.4,26.3,17.8,0.8,0,0,5448
2025-06-19,2025,6,3,0,0,21.4,25.8,18.2,0.9,0,0,5697
2025-06-20,2025,6,4,0,0,21.3,26.2,18.2,0.9,0,0,5235
2025-06-21,2025,6,5,1,0,20.7,27.5,18.3,18.9,0,0,5890
2025-06-22,2025,6,6,1,0,18.5,19.5,17.7,45.1,0,0,6077
2025-06-23,2025,6,0,0,0,19.2,22.2,17.7,5.1,0,0,5366
2025-06-24,2025,6,1,0,0,20.0,23.3,17.2,1.8,0,0,5241
2025-06-25,2025,6,2,0,0,19.9,23.8,17.1,3.5,0,0,5011
2025-06-26,2025,6,3,0,0,20.6,25.1,17.9,8.1,0,0,5133
2025-06-27,2025,6,4,0,0,20.7,26.0,17.7,12.5,0,0,5500
2025-06-28,2025,6,5,1,0,20.8,26.3,16.8,0.7,0,0,6354
2025-06-29,2025,6,6,1,0,21.0,25.8,17.1,0.3,0,0,6419
2025-06-30,2025,6,0,0,0,21.7,26.8,18.1,2.1,0,0,5170
2025-07-01,2025,7,1,0,0,21.9,26.9,18.4,3.5,0,0,5507
2025-07-02,2025,7,2,0,0,20.2,25.3,17.3,28.2,0,0,4812
2025-07-03,2025,7,3,0,0,20.4,23.8,17.3,3.4,0,0,5182
2025-07-04,2025,7,4,0,0,20.2,23.0,17.6,4.6,0,0,5540
2025-07-05,2025,7,5,1,0,18.6,19.6,17.2,12.9,0,0,5800
2025-07-06,2025,7,6,1,0,18.5,22.9,17.1,26.4,0,0,6051
2025-07-07,2025,7,0,0,0,19.6,23.1,17.4,3.4,0,0,5414
2025-07-08,2025,7,1,0,0,20.4,24.4,16.9,0.3,0,0,5690
2025-07-09,2025,7,2,0,0,20.9,25.8,17.3,0.7,0,0,5301
2025-07-10,2025,7,3,0,0,21.6,26.6,17.2,0.7,0,0,5250
2025-07-11,2025,7,4,0,0,21.2,25.9,17.5,13.4,0,0,5141
2025-07-12,2025,7,5,1,0,20.7,24.6,17.9,13.8,0,0,6482
2025-07-13,2025,7,6,1,0,21.2,25.8,17.6,1.7,0,0,6649
2025-07-14,2025,7,0,0,0,21.4,26.5,17.7,1.5,0,0,5256
2025-07-15,2025,7,1,0,0,21.7,26.9,17.5,0.5,0,0,5376
2025-07-16,2025,7,2,0,0,21.6,26.0,18.2,8.3,0,0,5045
2025-07-17,2025,7,3,0,0,21.7,27.0,17.6,7.4,0,0,4961
2025-07-18,2025,7,4,0,0,22.8,27.8,18.3,0.1,0,0,5806
2025-07-19,2025,7,5,1,0,20.9,24.2,18.9,8.2,0,0,6205
2025-07-20,2025,7,6,1,0,21.8,26.2,18.1,3.6,0,0,6473
2025-07-21,2025,7,0,0,0,22.2,27.0,18.1,4.3,0,0,5369
2025-07-22,2025,7,1,0,0,22.7,27.8,19.0,6.0,0,0,5505
2025-07-23,2025,7,2,0,0,21.4,25.2,18.7,6.6,0,0,5434
2025-07-24,2025,7,3,0,0,20.7,24.6,18.3,25.7,0,0,5410
2025-07-25,2025,7,4,0,0,20.9,24.3,18.6,12.7,0,0,4969
2025-07-26,2025,7,5,1,0,19.3,20.4,18.4,14.8,0,0,5942
2025-07-27,2025,7,6,1,0,19.8,23.0,17.9,11.0,0,0,5923
2025-07-28,2025,7,0,0,0,21.0,26.0,16.9,2.5,0,0,5191
2025-07-29,2025,7,1,0,0,22.2,27.9,17.6,0.1,0,0,5237
2025-07-30,2025,7,2,0,0,22.0,26.7,18.3,1.2,0,0,4969
2025-07-31,2025,7,3,0,0,20.3,24.3,18.1,11.4,0,0,4835
2025-08-01,2025,8,4,0,0,21.4,26.6,17.7,1.2,0,0,5441
2025-08-02,2025,8,5,1,0,21.1,25.4,18.5,7.8,0,0,6275
2025-08-03,2025,8,6,1,0,21.7,26.8,17.9,0.1,0,0,6642
2025-08-04,2025,8,0,0,0,22.2,27.5,18.5,0.2,0,0,5045
2025-08-05,2025,8,1,0,0,22.3,28.3,18.5,1.3,0,0,5374
2025-08-06,2025,8,2,0,0,21.7,25.6,18.9,14.7,0,0,4904
2025-08-07,2025,8,3,0,0,20.3,24.6,18.4,25.3,0,0,5089
2025-08-08,2025,8,4,0,0,21.0,25.3,17.5,2.5,0,0,4934
2025-08-09,2025,8,5,1,0,21.6,25.9,18.2,0.3,0,0,6782
2025-08-10,2025,8,6,1,0,21.7,25.9,18.2,0.3,0,0,6393
2025-08-11,2025,8,0,0,0,21.2,26.0,18.6,4.5,0,0,5750
2025-08-12,2025,8,1,0,0,19.5,21.9,18.2,14.2,0,0,5222
2025-08-13,2025,8,2,0,0,19.3,22.3,17.7,16.6,0,0,5292
2025-08-14,2025,8,3,0,0,19.7,23.0,17.6,17.5,0,0,5277
2025-08-15,2025,8,4,0,0,20.5,25.3,17.2,4.0,0,0,5426
2025-08-16,2025,8,5,1,0,19.3,22.6,17.1,19.1,0,0,6081
2025-08-17,2025,8,6,1,0,19.1,23.0,17.6,19.4,0,0,5929
2025-08-18,2025,8,0,0,0,20.1,24.9,15.8,0.9,0,0,5555
2025-08-19,2025,8,1,0,0,20.5,24.4,17.8,3.3,0,0,5091
2025-08-20,2025,8,2,0,0,20.2,23.8,17.6,1.0,0,0,5169
2025-08-21,2025,8,3,0,0,19.8,23.1,17.2,0.2,0,0,5438
2025-08-22,2025,8,4,0,0,18.6,21.5,17.6,23.4,0,0,4899
2025-08-23,2025,8,5,1,0,19.3,22.8,17.3,1.2,0,0,6290
2025-08-24,2025,8,6,1,0,18.8,21.3,17.3,9.1,0,0,6168
2025-08-25,2025,8,0,0,0,19.5,23.3,17.3,27.3,0,0,5117
2025-08-26,2025,8,1,0,0,20.3,24.9,16.3,0.5,0,0,5210
2025-08-27,2025,8,2,0,0,20.3,24.7,16.3,1.4,0,0,5601
2025-08-28,2025,8,3,0,0,20.0,23.7,17.4,9.5,0,0,5131
2025-08-29,2025,8,4,0,0,19.0,22.4,17.1,6.4,0,0,5283
2025-08-30,2025,8,5,1,0,19.6,23.9,16.5,11.5,0,0,6429
2025-08-31,2025,8,6,1,0,19.9,24.7,16.7,1.7,0,0,6338
2025-09-01,2025,9,0,0,0,19.9,24.7,16.6,3.7,0,0,5494
2025-09-02,2025,9,1,0,0,20.5,25.3,16.4,0.0,0,0,5488
2025-09-03,2025,9,2,0,0,21.2,26.3,17.0,0.0,0,0,5314
2025-09-04,2025,9,3,0,0,21.3,26.4,17.3,0.0,0,0,5544
2025-09-05,2025,9,4,0,0,21.2,25.8,17.2,0.1,0,0,5590
2025-09-06,2025,9,5,1,0,20.6,23.9,17.9,3.5,0,0,6534
2025-09-07,2025,9,6,1,0,20.7,25.2,17.4,2.6,0,0,6887
2025-09-08,2025,9,0,0,0,20.6,25.2,17.6,1.2,0,0,5699
2025-09-09,2025,9,1,0,0,20.8,24.7,18.1,4.2,0,0,5426
2025-09-10,2025,9,2,0,0,20.5,24.4,17.8,2.7,0,0,5218
2025-09-11,2025,9,3,0,0,20.5,24.0,17.9,0.7,0,0,5227
2025-09-12,2025,9,4,0,0,20.4,23.7,17.8,3.4,0,0,5294
2025-09-13,2025,9,5,1,0,19.0,21.5,17.7,27.2,0,0,5784
2025-09-14,2025,9,6,1,0,19.5,23.5,16.6,11.7,0,0,6043
2025-09-15,2025,9,0,0,0,19.5,24.2,16.0,0.3,0,0,5280
2025-09-16,2025,9,1,0,0,19.4,23.6,16.1,0.7,0,0,5231
2025-09-17,2025,9,2,0,0,19.7,23.9,16.7,0.4,0,0,5468
2025-09-18,2025,9,3,0,0,19.9,23.6,17.1,1.5,0,0,5319
2025-09-19,2025,9,4,0,0,19.9,23.4,17.4,1.5,0,0,5260
2025-09-20,2025,9,5,1,0,20.2,24.8,16.9,0.5,0,0,6719
2025-09-21,2025,9,6,1,0,20.6,26.2,16.8,0.2,0,0,6708
2025-09-22,2025,9,0,0,0,20.2,24.7,16.9,1.2,0,0,5162
2025-09-23,2025,9,1,0,0,19.0,23.0,17.1,14.8,0,0,5062
2025-09-24,2025,9,2,0,0,19.0,22.9,16.9,8.2,0,0,5003
2025-09-25,2025,9,3,0,0,19.5,24.9,15.2,0.0,0,0,4977
2025-09-26,2025,9,4,0,0,17.5,18.2,17.0,7.5,0,0,5183
2025-09-27,2025,9,5,1,0,18.9,23.2,16.7,8.1,0,0,6166
2025-09-28,2025,9,6,1,0,19.4,24.4,16.3,1.7,0,0,6658
2025-09-29,2025,9,0,0,0,18.7,23.3,15.9,21.9,0,0,4934
2025-09-30,2025,9,1,0,0,17.3,18.7,16.3,18.5,0,0,5023
2025-10-01,2025,10,2,0,1,17.6,20.0,16.3,24.4,0,0,8297
2025-10-02,2025,10,3,0,1,18.7,23.2,15.6,0.5,0,0,8621
2025-10-03,2025,10,4,0,1,19.5,24.7,15.7,0.0,0,0,8720
2025-10-04,2025,10,5,1,0,19.7,24.4,16.6,0.1,0,0,6379
2025-10-05,2025,10,6,1,0,20.2,25.3,16.4,0.0,0,0,6391
2025-10-06,2025,10,0,0,1,20.0,27.6,15.9,1.0,0,0,8765
2025-10-07,2025,10,1,0,0,18.1,21.4,16.2,9.6,0,0,5183
2025-10-08,2025,10,2,0,0,18.5,22.7,16.7,5.8,0,0,5172
2025-10-09,2025,10,3,0,0,18.9,23.8,15.1,0.0,0,0,5084
2025-10-10,2025,10,4,0,0,19.1,23.9,15.3,0.2,0,0,5363
2025-10-11,2025,10,5,1,0,19.0,23.6,15.3,0.1,0,0,6326
2025-10-12,2025,10,6,1,0,18.9,23.5,15.2,0.1,0,0,6374
2025-10-13,2025,10,0,0,0,18.7,23.7,15.1,0.0,0,0,5709
2025-10-14,2025,10,1,0,0,19.0,24.0,14.7,0.0,0,0,5299
2025-10-15,2025,10,2,0,0,18.9,23.6,15.1,0.0,0,0,5246
2025-10-16,2025,10,3,0,0,17.0,18.3,16.0,6.4,0,0,5297
2025-10-17,2025,10,4,0,0,16.9,19.2,15.7,17.8,0,0,5117
2025-10-18,2025,10,5,1,0,17.7,22.1,15.0,1.1,0,0,6409
2025-10-19,2025,10,6,1,0,16.2,18.5,15.1,20.1,0,0,5953
2025-10-20,2025,10,0,0,0,17.0,20.6,14.4,4.3,0,0,5408
2025-10-21,2025,10,1,0,0,16.3,21.1,13.5,0.6,0,0,5230
2025-10-22,2025,10,2,0,0,16.3,21.7,12.8,0.0,0,0,5185
2025-10-23,2025,10,3,0,0,16.1,20.9,12.8,0.0,0,0,5493
2025-10-24,2025,10,4,0,0,16.0,20.3,13.0,0.5,0,0,4881
2025-10-25,2025,10,5,1,0,16.4,21.0,13.2,1.0,0,0,6140
2025-10-26,2025,10,6,1,0,16.6,22.1,12.8,0.0,0,0,6291
2025-10-27,2025,10,0,0,0,16.6,22.4,11.9,0.0,0,0,5157
2025-10-28,2025,10,1,0,0,16.7,22.5,12.3,0.0,0,0,4965
2025-10-29,2025,10,2,0,0,17.3,22.1,13.5,0.0,0,0,5180
2025-10-30,2025,10,3,0,0,17.6,22.8,14.0,0.0,0,0,5449
2025-10-31,2025,10,4,0,0,17.8,23.0,14.4,0.5,0,0,4964
2025-11-01,2025,11,5,1,0,17.1,21.6,13.9,0.5,0,0,5582
2025-11-02,2025,11,6,1,0,16.2,19.8,14.3,10.1,0,0,6101
2025-11-03,2025,11,0,0,0,12.8,15.8,11.8,17.9,0,0,4716
2025-11-04,2025,11,1,0,0,13.1,16.4,11.0,0.0,0,0,4904
2025-11-05,2025,11,2,0,0,13.8,15.6,11.2,5.5,0,0,4680
2025-11-06,2025,11,3,0,0,17.0,21.5,14.2,0.2,0,0,5153
2025-11-07,2025,11,4,0,0,17.2,23.5,13.4,0.0,0,0,5136
2025-11-08,2025,11,5,1,0,17.0,23.1,13.7,0.0,0,0,6530
2025-11-09,2025,11,6,1,0,17.1,22.4,13.5,0.0,0,0,6192
2025-11-10,2025,11,0,0,0,16.1,21.6,12.4,0.0,0,0,5154
2025-11-11,2025,11,1,0,0,14.8,21.1,10.0,0.0,0,0,5135
2025-11-12,2025,11,2,0,0,14.2,20.0,9.4,0.0,0,0,5179
2025-11-13,2025,11,3,0,0,14.1,19.6,10.0,0.0,0,0,5157
2025-11-14,2025,11,4,0,0,13.4,19.2,8.7,0.0,0,0,5175
2025-11-15,2025,11,5,1,0,13.2,19.6,8.6,0.0,0,0,6155
2025-11-16,2025,11,6,1,0,13.2,19.6,8.6,0.0,0,0,6287
2025-11-17,2025,11,0,0,0,12.7,19.4,8.1,0.0,0,0,5249
2025-11-18,2025,11,1,0,0,13.2,19.4,9.6,0.0,0,0,5153
2025-11-19,2025,11,2,0,0,10.7,13.3,8.9,2.3,0,0,4787
2025-11-20,2025,11,3,0,0,11.6,15.8,9.7,0.7,0,0,5040
2025-11-21,2025,11,4,0,0,12.1,15.8,9.9,2.6,0,0,4885
2025-11-22,2025,11,5,1,0,11.7,14.7,9.1,2.0,0,0,6463
2025-11-23,2025,11,6,1,0,12.2,14.8,9.5,0.0,0,0,5799
2025-11-24,2025,11,0,0,0,11.3,14.5,8.6,1.6,0,0,5258
2025-11-25,2025,11,1,0,0,10.0,12.4,8.5,2.5,0,0,5117
2025-11-26,2025,11,2,0,0,10.7,15.2,7.0,0.2,0,0,4960
2025-11-27,2025,11,3,0,0,10.7,14.8,7.5,0.0,0,0,5273
2025-11-28,2025,11,4,0,0,10.6,17.7,6.4,0.0,0,0,5329
2025-11-29,2025,11,5,1,0,10.7,17.7,5.9,0.0,0,0,6104
2025-11-30,2025,11,6,1,0,10.9,17.6,6.0,0.0,0,0,6534
2025-12-01,2025,12,0,0,0,11.0,17.3,6.7,0.0,0,0,5200
