dt,visitor_count
2023-01-01,8926
2023-01-02,8304
2023-01-03,4886
2023-01-04,4776
2023-01-05,4526
2023-01-06,5112
2023-01-07,5879
2023-01-08,6076
2023-01-09,5109
2023-01-10,5031
2023-01-11,4925
2023-01-12,5100
2023-01-13,5119
2023-01-14,6164
2023-01-15,5697
2023-01-16,4882
2023-01-17,4816
2023-01-18,5539
2023-01-19,4831
2023-01-20,5220
2023-01-21,5724
2023-01-22,9357
2023-01-23,8092
2023-01-24,8392
2023-01-25,8775
2023-01-26,8310
2023-01-27,8642
2023-01-28,6249
2023-01-29,6113
2023-01-30,5028
2023-01-31,5139
2023-02-01,5231
2023-02-02,5195
2023-02-03,5130
2023-02-04,6305
2023-02-05,6103
2023-02-06,5183
2023-02-07,5139
2023-02-08,4828
2023-02-09,4853
2023-02-10,5174
2023-02-11,6229
2023-02-12,6361
2023-02-13,4656
2023-02-14,5243
2023-02-15,4663
2023-02-16,5121
2023-02-17,4640
2023-02-18,6465
2023-02-19,6032
2023-02-20,5563
2023-02-21,5187
2023-02-22,5322
2023-02-23,5221
2023-02-24,5479
2023-02-25,6155
2023-02-26,5881
2023-02-27,4786
2023-02-28,4894
2023-03-01,5143
2023-03-02,5215
2023-03-03,5102
2023-03-04,6260
2023-03-05,6548
2023-03-06,4846
2023-03-07,5106
2023-03-08,5443
2023-03-09,5058
2023-03-10,5466
2023-03-11,6236
2023-03-12,6191
2023-03-13,5104
2023-03-14,5217
2023-03-15,5127
2023-03-16,5474
2023-03-17,5132
2023-03-18,6512
2023-03-19,6512
2023-03-20,5156
2023-03-21,5454
2023-03-22,5513
2023-03-23,5273
2023-03-24,5352
2023-03-25,5916
2023-03-26,6393
2023-03-27,5437
2023-03-28,5534
2023-03-29,5074
2023-03-30,5252
2023-03-31,5459
2023-04-01,6128
2023-04-02,6304
2023-04-03,4578
2023-04-04,5313
2023-04-05,8250
2023-04-06,4909
2023-04-07,5213
2023-04-08,6272
2023-04-09,6413
2023-04-10,4862
2023-04-11,5165
2023-04-12,5746
2023-04-13,5380
2023-04-14,5223
2023-04-15,6615
2023-04-16,6455
2023-04-17,5592
2023-04-18,5391
2023-04-19,5829
2023-04-20,5491
2023-04-21,5475
2023-04-22,6058
2023-04-23,6203
2023-04-24,5561
2023-04-25,5207
2023-04-26,5575
2023-04-27,5049
2023-04-28,5335
2023-04-29,6576
2023-04-30,6423
2023-05-01,8615
2023-05-02,8891
2023-05-03,9093
2023-05-04,5534
2023-05-05,5748
2023-05-06,6688
2023-05-07,6394
2023-05-08,5479
2023-05-09,5727
2023-05-10,5202
2023-05-11,5169
2023-05-12,5346
2023-05-13,5770
2023-05-14,5893
2023-05-15,4901
2023-05-16,5315
2023-05-17,5025
2023-05-18,4955
2023-05-19,5461
2023-05-20,6623
2023-05-21,6741
2023-05-22,5388
2023-05-23,5078
2023-05-24,5460
2023-05-25,5260
2023-05-26,5094
2023-05-27,6713
2023-05-28,6084
2023-05-29,5502
2023-05-30,5064
2023-05-31,5325
2023-06-01,5393
2023-06-02,5475
2023-06-03,6305
2023-06-04,6541
2023-06-05,4955
2023-06-06,4885
2023-06-07,5154
2023-06-08,5164
2023-06-09,5076
2023-06-10,6231
2023-06-11,6443
2023-06-12,5092
2023-06-13,5363
2023-06-14,4734
2023-06-15,5089
2023-06-16,5488
2023-06-17,6330
2023-06-18,6186
2023-06-19,5365
2023-06-20,5545
2023-06-21,5375
2023-06-22,8533
2023-06-23,8630
2023-06-24,6561
2023-06-25,6279
2023-06-26,5495
2023-06-27,5233
2023-06-28,5303
2023-06-29,5495
2023-06-30,5290
2023-07-01,6459
2023-07-02,6369
2023-07-03,5337
2023-07-04,5191
2023-07-05,5743
2023-07-06,5121
2023-07-07,5214
2023-07-08,6524
2023-07-09,6798
2023-07-10,5558
2023-07-11,5801
2023-07-12,5106
2023-07-13,5214
2023-07-14,5625
2023-07-15,6750
2023-07-16,6480
2023-07-17,5442
2023-07-18,5437
2023-07-19,5589
2023-07-20,5414
2023-07-21,5332
2023-07-22,6503
2023-07-23,7141
2023-07-24,5235
2023-07-25,5344
2023-07-26,5320
2023-07-27,5376
2023-07-28,5037
2023-07-29,5658
2023-07-30,6362
2023-07-31,4946
2023-08-01,4923
2023-08-02,4854
2023-08-03,4933
2023-08-04,5059
2023-08-05,6150
2023-08-06,6321
2023-08-07,5228
2023-08-08,5207
2023-08-09,5385
2023-08-10,5234
2023-08-11,5326
2023-08-12,6120
2023-08-13,6366
2023-08-14,5468
2023-08-15,5106
2023-08-16,5183
2023-08-17,5653
2023-08-18,5162
2023-08-19,6499
2023-08-20,6442
2023-08-21,5187
2023-08-22,5030
2023-08-23,5154
2023-08-24,5161
2023-08-25,5396
2023-08-26,6689
2023-08-27,6874
2023-08-28,5149
2023-08-29,5712
2023-08-30,5329
2023-08-31,5389
2023-09-01,4936
2023-09-02,6150
2023-09-03,6156
2023-09-04,5397
2023-09-05,5244
2023-09-06,5517
2023-09-07,5362
2023-09-08,4982
2023-09-09,6351
2023-09-10,6604
2023-09-11,5028
2023-09-12,5395
2023-09-13,4773
2023-09-14,5261
2023-09-15,5421
2023-09-16,6542
2023-09-17,6478
2023-09-18,5648
2023-09-19,5597
2023-09-20,5453
2023-09-21,5542
2023-09-22,5200
2023-09-23,6484
2023-09-24,6434
2023-09-25,5734
2023-09-26,5342
2023-09-27,5374
2023-09-28,4990
2023-09-29,8370
2023-09-30,6485
2023-10-01,9926
2023-10-02,8745
2023-10-03,8286
2023-10-04,8602
2023-10-05,9040
2023-10-06,8941
2023-10-07,6159
2023-10-08,6168
2023-10-09,5239
2023-10-10,5210
2023-10-11,5506
2023-10-12,4726
2023-10-13,5143
2023-10-14,6403
2023-10-15,6053
2023-10-16,5344
2023-10-17,5382
2023-10-18,5262
2023-10-19,5151
2023-10-20,4987
2023-10-21,6097
2023-10-22,6232
2023-10-23,5102
2023-10-24,5436
2023-10-25,5286
2023-10-26,4957
2023-10-27,5364
2023-10-28,6353
2023-10-29,6284
2023-10-30,5331
2023-10-31,5396
2023-11-01,5420
2023-11-02,5443
2023-11-03,5401
2023-11-04,6411
2023-11-05,6356
2023-11-06,5132
2023-11-07,5271
2023-11-08,5247
2023-11-09,4861
2023-11-10,4952
2023-11-11,5928
2023-11-12,6077
2023-11-13,5336
2023-11-14,5276
2023-11-15,5069
2023-11-16,5101
2023-11-17,4743
2023-11-18,5651
2023-11-19,5944
2023-11-20,5039
2023-11-21,5182
2023-11-22,5145
2023-11-23,5201
2023-11-24,5409
2023-11-25,6324
2023-11-26,6343
2023-11-27,4954
2023-11-28,5419
2023-11-29,5104
2023-11-30,5198
2023-12-01,4658
2023-12-02,6051
2023-12-03,6205
2023-12-04,4927
2023-12-05,5025
2023-12-06,4940
2023-12-07,5289
2023-12-08,4915
2023-12-09,5993
2023-12-10,6197
2023-12-11,4871
2023-12-12,5237
2023-12-13,4844
2023-12-14,5103
2023-12-15,4877
2023-12-16,6100
2023-12-17,6273
2023-12-18,4950
2023-12-19,5329
2023-12-20,5296
2023-12-21,4977
2023-12-22,5058
2023-12-23,5913
2023-12-24,6409
2023-12-25,5118
2023-12-26,5081
2023-12-27,5238
2023-12-28,5027
2023-12-29,4904
2023-12-30,6240
2023-12-31,5661
2024-01-01,8181
2024-01-02,4941
2024-01-03,4560
2024-01-04,5116
2024-01-05,5118
2024-01-06,5949
2024-01-07,6001
2024-01-08,4813
2024-01-09,4959
2024-01-10,4870
2024-01-11,5136
2024-01-12,4929
2024-01-13,6214
2024-01-14,5507
2024-01-15,4753
2024-01-16,4945
2024-01-17,5567
2024-01-18,4701
2024-01-19,5396
2024-01-20,6088
2024-01-21,6292
2024-01-22,4828
2024-01-23,5036
2024-01-24,5005
2024-01-25,4646
2024-01-26,4842
2024-01-27,5969
2024-01-28,6060
2024-01-29,5011
2024-01-30,4785
2024-01-31,5035
2024-02-01,4928
2024-02-02,4579
2024-02-03,6210
2024-02-04,6005
2024-02-05,5006
2024-02-06,5098
2024-02-07,4589
2024-02-08,4852
2024-02-09,4981
2024-02-10,9261
2024-02-11,9548
2024-02-12,8216
2024-02-13,8581
2024-02-14,8091
2024-02-15,8534
2024-02-16,8413
2024-02-17,6259
2024-02-18,6288
2024-02-19,5068
2024-02-20,5241
2024-02-21,5128
2024-02-22,5519
2024-02-23,5055
2024-02-24,6123
2024-02-25,6278
2024-02-26,5330
2024-02-27,4938
2024-02-28,4813
2024-02-29,5368
2024-03-01,5039
2024-03-02,6070
2024-03-03,6181
2024-03-04,5048
2024-03-05,5004
2024-03-06,5332
2024-03-07,5094
2024-03-08,5203
2024-03-09,5947
2024-03-10,6142
2024-03-11,5291
2024-03-12,4977
2024-03-13,5180
2024-03-14,5157
2024-03-15,5351
2024-03-16,6295
2024-03-17,6165
2024-03-18,5487
2024-03-19,5135
2024-03-20,4894
2024-03-21,5293
2024-03-22,5122
2024-03-23,6311
2024-03-24,6190
2024-03-25,5308
2024-03-26,4965
2024-03-27,5132
2024-03-28,5292
2024-03-29,5129
2024-03-30,6539
2024-03-31,6027
2024-04-01,5310
2024-04-02,5224
2024-04-03,5205
2024-04-04,8735
2024-04-05,8608
2024-04-06,6327
2024-04-07,6681
2024-04-08,5699
2024-04-09,5205
2024-04-10,5299
2024-04-11,5109
2024-04-12,5123
2024-04-13,6506
2024-04-14,6435
2024-04-15,5524
2024-04-16,5242
2024-04-17,5524
2024-04-18,5393
2024-04-19,5158
2024-04-20,6236
2024-04-21,6726
2024-04-22,5467
2024-04-23,5596
2024-04-24,5385
2024-04-25,5124
2024-04-26,5608
2024-04-27,6556
2024-04-28,6570
2024-04-29,5430
2024-04-30,5443
2024-05-01,8842
2024-05-02,8360
2024-05-03,8988
2024-05-04,6597
2024-05-05,6232
2024-05-06,5336
2024-05-07,5077
2024-05-08,5367
2024-05-09,5445
2024-05-10,5598
2024-05-11,6430
2024-05-12,6420
2024-05-13,5381
2024-05-14,5417
2024-05-15,5332
2024-05-16,5498
2024-05-17,5440
2024-05-18,6519
2024-05-19,6522
2024-05-20,5462
2024-05-21,5169
2024-05-22,5616
2024-05-23,5073
2024-05-24,6093
2024-05-25,6402
2024-05-26,6497
2024-05-27,5286
2024-05-28,5360
2024-05-29,5197
2024-05-30,5787
2024-05-31,5405
2024-06-01,6525
2024-06-02,6858
2024-06-03,5273
2024-06-04,5662
2024-06-05,5721
2024-06-06,5482
2024-06-07,5295
2024-06-08,6866
2024-06-09,6548
2024-06-10,8622
2024-06-11,5393
2024-06-12,5612
2024-06-13,5562
2024-06-14,5278
2024-06-15,6200
2024-06-16,6687
2024-06-17,5554
2024-06-18,4990
2024-06-19,5950
2024-06-20,5480
2024-06-21,5340
2024-06-22,6404
2024-06-23,6557
2024-06-24,4914
2024-06-25,5289
2024-06-26,5465
2024-06-27,5391
2024-06-28,5265
2024-06-29,6467
2024-06-30,6559
2024-07-01,4979
2024-07-02,5662
2024-07-03,5597
2024-07-04,5183
2024-07-05,5347
2024-07-06,6341
2024-07-07,6546
2024-07-08,5497
2024-07-09,5473
2024-07-10,5359
2024-07-11,5476
2024-07-12,5196
2024-07-13,6896
2024-07-14,6381
2024-07-15,5530
2024-07-16,5187
2024-07-17,5588
2024-07-18,5323
2024-07-19,5387
2024-07-20,6609
2024-07-21,6113
2024-07-22,5670
2024-07-23,5561
2024-07-24,5527
2024-07-25,5412
2024-07-26,5438
2024-07-27,6361
2024-07-28,6593
2024-07-29,4887
2024-07-30,5329
2024-07-31,5549
2024-08-01,5248
2024-08-02,5485
2024-08-03,6621
2024-08-04,6253
2024-08-05,5194
2024-08-06,5172
2024-08-07,5607
2024-08-08,5421
2024-08-09,5480
2024-08-10,6475
2024-08-11,5970
2024-08-12,5372
2024-08-13,4999
2024-08-14,5251
2024-08-15,4994
2024-08-16,5145
2024-08-17,6612
2024-08-18,5939
2024-08-19,5128
2024-08-20,4964
2024-08-21,5450
2024-08-22,5293
2024-08-23,5289
2024-08-24,6357
2024-08-25,6176
2024-08-26,5390
2024-08-27,5078
2024-08-28,5118
2024-08-29,5584
2024-08-30,5380
2024-08-31,5843
2024-09-01,6327
2024-09-02,5169
2024-09-03,5409
2024-09-04,5053
2024-09-05,4848
2024-09-06,5379
2024-09-07,6618
2024-09-08,6177
2024-09-09,5499
2024-09-10,4903
2024-09-11,5111
2024-09-12,5176
2024-09-13,5612
2024-09-14,6238
2024-09-15,6315
2024-09-16,8637
2024-09-17,8400
2024-09-18,5730
2024-09-19,5637
2024-09-20,5419
2024-09-21,6363
2024-09-22,6588
2024-09-23,5636
2024-09-24,5272
2024-09-25,5539
2024-09-26,5295
2024-09-27,5141
2024-09-28,6480
2024-09-29,6515
2024-09-30,5275
2024-10-01,8585
2024-10-02,8247
2024-10-03,8498
2024-10-04,8708
2024-10-05,6096
2024-10-06,6629
2024-10-07,8514
2024-10-08,5157
2024-10-09,5202
2024-10-10,5122
2024-10-11,5130
2024-10-12,6751
2024-10-13,6428
2024-10-14,5400
2024-10-15,5081
2024-10-16,4996
2024-10-17,5014
2024-10-18,5202
2024-10-19,6481
2024-10-20,6569
2024-10-21,4960
2024-10-22,4822
2024-10-23,5219
2024-10-24,5110
2024-10-25,5382
2024-10-26,6494
2024-10-27,6561
2024-10-28,5225
2024-10-29,5298
2024-10-30,5090
2024-10-31,5108
2024-11-01,5227
2024-11-02,5876
2024-11-03,5917
2024-11-04,4956
2024-11-05,5272
2024-11-06,5070
2024-11-07,5041
2024-11-08,4722
2024-11-09,6169
2024-11-10,6406
2024-11-11,5385
2024-11-12,5018
2024-11-13,5180
2024-11-14,5170
2024-11-15,5012
2024-11-16,6153
2024-11-17,6084
2024-11-18,4938
2024-11-19,5154
2024-11-20,5057
2024-11-21,5189
2024-11-22,5118
2024-11-23,6166
2024-11-24,6170
2024-11-25,4935
2024-11-26,5196
2024-11-27,5511
2024-11-28,4883
2024-11-29,5093
2024-11-30,6405
2024-12-01,6405
2024-12-02,5183
2024-12-03,5473
2024-12-04,5006
2024-12-05,4914
2024-12-06,5259
2024-12-07,6205
2024-12-08,6138
2024-12-09,4824
2024-12-10,5208
2024-12-11,5250
2024-12-12,4734
2024-12-13,5215
2024-12-14,6095
2024-12-15,6283
2024-12-16,5192
2024-12-17,4848
2024-12-18,5244
2024-12-19,4891
2024-12-20,5130
2024-12-21,5987
2024-12-22,6184
2024-12-23,4936
2024-12-24,4767
2024-12-25,4870
2024-12-26,5232
2024-12-27,4793
2024-12-28,5769
2024-12-29,5983
2024-12-30,5021
2024-12-31,5439
2025-01-01,8102
2025-01-02,4834
2025-01-03,5109
2025-01-04,6213
2025-01-05,5923
2025-01-06,5072
2025-01-07,5153
2025-01-08,4811
2025-01-09,4796
2025-01-10,5081
2025-01-11,5862
2025-01-12,5766
2025-01-13,4840
2025-01-14,4917
2025-01-15,5055
2025-01-16,4982
2025-01-17,5094
2025-01-18,6528
2025-01-19,6492
2025-01-20,5040
2025-01-21,5083
2025-01-22,5288
2025-01-23,4851
2025-01-24,5179
2025-01-25,6476
2025-01-26,5955
2025-01-27,4376
2025-01-28,4326
2025-01-29,8049
2025-01-30,8357
2025-01-31,8226
2025-02-01,5949
2025-02-02,5912
2025-02-03,4904
2025-02-04,5141
2025-02-05,4811
2025-02-06,4873
2025-02-07,4974
2025-02-08,6145
2025-02-09,6277
2025-02-10,4934
2025-02-11,4902
2025-02-12,5099
2025-02-13,5017
2025-02-14,4818
2025-02-15,6124
2025-02-16,6119
2025-02-17,4981
2025-02-18,4941
2025-02-19,4862
2025-02-20,5081
2025-02-21,4953
2025-02-22,6278
2025-02-23,6116
2025-02-24,4988
2025-02-25,4843
2025-02-26,4853
2025-02-27,5076
2025-02-28,5136
2025-03-01,6251
2025-03-02,6067
2025-03-03,5213
2025-03-04,4836
2025-03-05,5151
2025-03-06,5421
2025-03-07,5362
2025-03-08,6572
2025-03-09,6522
2025-03-10,5374
2025-03-11,5203
2025-03-12,5304
2025-03-13,5105
2025-03-14,5367
2025-03-15,6245
2025-03-16,5968
2025-03-17,5363
2025-03-18,5211
2025-03-19,4907
2025-03-20,4969
2025-03-21,5293
2025-03-22,6642
2025-03-23,5729
2025-03-24,5310
2025-03-25,5214
2025-03-26,5269
2025-03-27,5223
2025-03-28,5214
2025-03-29,6594
2025-03-30,6496
2025-03-31,5506
2025-04-01,5342
2025-04-02,5577
2025-04-03,5060
2025-04-04,9006
2025-04-05,5996
2025-04-06,6456
2025-04-07,5292
2025-04-08,5466
2025-04-09,5634
2025-04-10,5292
2025-04-11,5117
2025-04-12,6166
2025-04-13,6207
2025-04-14,5257
2025-04-15,5131
2025-04-16,5353
2025-04-17,5375
2025-04-18,5170
2025-04-19,6596
2025-04-20,6616
2025-04-21,5394
2025-04-22,5295
2025-04-23,5459
2025-04-24,5426
2025-04-25,5167
2025-04-26,6252
2025-04-27,6392
2025-04-28,5469
2025-04-29,5240
2025-04-30,5470
2025-05-01,8545
2025-05-02,5201
2025-05-03,6274
2025-05-04,6592
2025-05-05,5532
2025-05-06,5181
2025-05-07,5447
2025-05-08,5397
2025-05-09,5569
2025-05-10,6632
2025-05-11,6096
2025-05-12,5815
2025-05-13,4916
2025-05-14,5292
2025-05-15,5899
2025-05-16,5505
2025-05-17,6800
2025-05-18,6366
2025-05-19,5277
2025-05-20,5493
2025-05-21,5117
2025-05-22,5259
2025-05-23,5085
2025-05-24,5767
2025-05-25,6080
2025-05-26,4939
2025-05-27,5054
2025-05-28,5172
2025-05-29,4684
2025-05-30,5174
2025-05-31,9573
2025-06-01,6423
2025-06-02,8176
2025-06-03,5275
2025-06-04,5378
2025-06-05,5344
2025-06-06,5381
2025-06-07,6513
2025-06-08,5982
2025-06-09,5148
2025-06-10,4666
2025-06-11,5393
2025-06-12,5445
2025-06-13,5712
2025-06-14,6391
2025-06-15,6046
2025-06-16,5566
2025-06-17,5188
2025-06-18,5448
2025-06-19,5697
2025-06-20,5235
2025-06-21,5890
2025-06-22,6077
2025-06-23,5366
2025-06-24,5241
2025-06-25,5011
2025-06-26,5133
2025-06-27,5500
2025-06-28,6354
2025-06-29,6419
2025-06-30,5170
2025-07-01,5507
2025-07-02,4812
2025-07-03,5182
2025-07-04,5540
2025-07-05,5800
2025-07-06,6051
2025-07-07,5414
2025-07-08,5690
2025-07-09,5301
2025-07-10,5250
2025-07-11,5141
2025-07-12,6482
2025-07-13,6649
2025-07-14,5256
2025-07-15,5376
2025-07-16,5045
2025-07-17,4961
2025-07-18,5806
2025-07-19,6205
2025-07-20,6473
2025-07-21,5369
2025-07-22,5505
2025-07-23,5434
2025-07-24,5410
2025-07-25,4969
2025-07-26,5942
2025-07-27,5923
2025-07-28,5191
2025-07-29,5237
2025-07-30,4969
2025-07-31,4835
2025-08-01,5441
2025-08-02,6275
2025-08-03,6642
2025-08-04,5045
2025-08-05,5374
2025-08-06,4904
2025-08-07,5089
2025-08-08,4934
2025-08-09,6782
2025-08-10,6393
2025-08-11,5750
2025-08-12,5222
2025-08-13,5292
2025-08-14,5277
2025-08-15,5426
2025-08-16,6081
2025-08-17,5929
2025-08-18,5555
2025-08-19,5091
2025-08-20,5169
2025-08-21,5438
2025-08-22,4899
2025-08-23,6290
2025-08-24,6168
2025-08-25,5117
2025-08-26,5210
2025-08-27,5601
2025-08-28,5131
2025-08-29,5283
2025-08-30,6429
2025-08-31,6338
2025-09-01,5494
2025-09-02,5488
2025-09-03,5314
2025-09-04,5544
2025-09-05,5590
2025-09-06,6534
2025-09-07,6887
2025-09-08,5699
2025-09-09,5426
2025-09-10,5218
2025-09-11,5227
2025-09-12,5294
2025-09-13,5784
2025-09-14,6043
2025-09-15,5280
2025-09-16,5231
2025-09-17,5468
2025-09-18,5319
2025-09-19,5260
2025-09-20,6719
2025-09-21,6708
2025-09-22,5162
2025-09-23,5062
2025-09-24,5003
2025-09-25,4977
2025-09-26,5183
2025-09-27,6166
2025-09-28,6658
2025-09-29,4934
2025-09-30,5023
2025-10-01,8297
2025-10-02,8621
2025-10-03,8720
2025-10-04,6379
2025-10-05,6391
2025-10-06,8765
2025-10-07,5183
2025-10-08,5172
2025-10-09,5084
2025-10-10,5363
2025-10-11,6326
2025-10-12,6374
2025-10-13,5709
2025-10-14,5299
2025-10-15,5246
2025-10-16,5297
2025-10-17,5117
2025-10-18,6409
2025-10-19,5953
2025-10-20,5408
2025-10-21,5230
2025-10-22,5185
2025-10-23,5493
2025-10-24,4881
2025-10-25,6140
2025-10-26,6291
2025-10-27,5157
2025-10-28,4965
2025-10-29,5180
2025-10-30,5449
2025-10-31,4964
2025-11-01,5582
2025-11-02,6101
2025-11-03,4716
2025-11-04,4904
2025-11-05,4680
2025-11-06,5153
2025-11-07,5136
2025-11-08,6530
2025-11-09,6192
2025-11-10,5154
2025-11-11,5135
2025-11-12,5179
2025-11-13,5157
2025-11-14,5175
2025-11-15,6155
2025-11-16,6287
2025-11-17,5249
2025-11-18,5153
2025-11-19,4787
2025-11-20,5040
2025-11-21,4885
2025-11-22,6463
2025-11-23,5799
2025-11-24,5258
2025-11-25,5117
2025-11-26,4960
2025-11-27,5273
2025-11-28,5329
2025-11-29,6104
2025-11-30,6534
2025-12-01,5200
