dt,temp_mean,temp_max,temp_min,precipitation
2023-01-01,9.1,13.4,5.8,0.0
2023-01-02,8.6,14.2,3.1,0.0
2023-01-03,9.9,14.5,5.5,0.0
2023-01-04,10.1,16.5,4.4,0.0
2023-01-05,10.4,17.6,4.5,0.0
2023-01-06,9.2,13.3,5.6,0.3
2023-01-07,9.6,17.1,4.3,0.0
2023-01-08,9.4,16.3,3.4,0.0
2023-01-09,9.3,17.1,3.2,0.0
2023-01-10,9.4,16.8,3.8,0.0
2023-01-11,9.2,14.8,4.4,0.0
2023-01-12,9.3,16.0,2.8,0.0
2023-01-13,10.4,16.8,5.2,0.0
2023-01-14,9.9,16.2,4.4,0.0
2023-01-15,9.5,15.8,3.8,0.0
2023-01-16,9.1,16.2,3.8,0.0
2023-01-17,8.9,15.2,3.1,0.0
2023-01-18,8.9,15.3,3.3,0.0
2023-01-19,9.2,15.7,2.9,0.0
2023-01-20,9.3,15.9,3.6,0.0
2023-01-21,10.3,17.4,3.2,0.0
2023-01-22,10.7,18.0,3.6,0.0
2023-01-23,10.5,18.5,2.5,0.0
2023-01-24,9.9,17.8,3.7,0.0
2023-01-25,11.3,19.6,3.5,0.0
2023-01-26,13.1,21.1,4.8,0.0
2023-01-27,13.0,20.5,5.8,0.0
2023-01-28,11.1,19.9,4.0,0.0
2023-01-29,8.5,13.8,4.4,0.0
2023-01-30,11.8,21.0,4.0,0.0
2023-01-31,14.1,23.2,5.2,0.0
2023-02-01,14.9,23.0,7.1,0.0
2023-02-02,13.7,18.7,8.8,0.0
2023-02-03,12.4,19.9,5.4,0.0
2023-02-04,12.4,19.5,4.4,0.0
2023-02-05,11.9,18.4,5.7,0.0
2023-02-06,11.8,18.8,4.6,0.0
2023-02-07,11.9,18.6,5.5,0.0
2023-02-08,11.3,16.8,6.0,0.0
2023-02-09,10.9,17.6,4.1,0.0
2023-02-10,11.5,18.8,4.5,0.0
2023-02-11,12.0,19.1,5.2,0.0
2023-02-12,12.3,19.4,5.8,0.0
2023-02-13,12.5,19.7,5.3,0.0
2023-02-14,12.9,21.0,4.8,0.0
2023-02-15,13.5,20.9,6.3,0.0
2023-02-16,13.2,20.8,5.9,0.0
2023-02-17,13.3,20.4,6.0,0.0
2023-02-18,13.5,21.0,5.5,0.0
2023-02-19,13.7,21.3,6.1,0.0
2023-02-20,13.1,18.6,7.0,0.0
2023-02-21,13.5,19.2,6.7,0.0
2023-02-22,13.7,19.3,7.1,0.0
2023-02-23,12.8,18.1,6.2,0.5
2023-02-24,12.9,20.9,6.1,0.0
2023-02-25,12.7,20.2,5.7,0.0
2023-02-26,11.6,18.2,8.0,0.3
2023-02-27,10.7,14.7,6.8,0.2
2023-02-28,11.9,18.9,6.8,0.0
2023-03-01,13.2,20.6,5.8,0.0
2023-03-02,13.5,20.8,6.1,0.0
2023-03-03,13.7,22.1,5.8,0.0
2023-03-04,14.3,21.5,7.0,0.0
2023-03-05,14.5,21.2,6.5,0.0
2023-03-06,14.8,21.5,7.3,0.0
2023-03-07,15.2,22.7,7.2,0.0
2023-03-08,15.7,24.0,8.2,0.0
2023-03-09,16.5,24.1,8.1,0.0
2023-03-10,16.2,24.1,7.6,0.0
2023-03-11,16.5,24.4,8.6,0.0
2023-03-12,16.2,24.0,8.4,0.0
2023-03-13,13.5,19.6,7.4,0.1
2023-03-14,14.4,22.3,6.4,0.0
2023-03-15,14.7,22.1,8.1,0.0
2023-03-16,14.1,20.4,8.3,0.0
2023-03-17,14.9,22.8,7.6,0.0
2023-03-18,15.4,21.6,8.5,0.1
2023-03-19,15.8,23.5,8.3,0.0
2023-03-20,15.0,20.6,10.8,0.6
2023-03-21,14.2,20.2,9.1,0.0
2023-03-22,13.5,20.1,8.5,0.1
2023-03-23,13.4,20.6,6.4,0.0
2023-03-24,14.2,21.8,5.8,0.0
2023-03-25,15.1,22.9,7.3,0.0
2023-03-26,15.3,21.7,8.7,0.0
2023-03-27,15.2,22.5,9.1,0.3
2023-03-28,13.9,19.5,9.7,0.0
2023-03-29,13.8,22.0,5.8,0.0
2023-03-30,14.9,22.7,7.2,0.0
2023-03-31,15.1,22.4,8.3,0.0
2023-04-01,15.1,23.2,7.9,0.1
2023-04-02,14.1,20.0,10.8,2.6
2023-04-03,13.8,20.6,8.7,0.0
2023-04-04,14.5,21.5,7.8,0.0
2023-04-05,15.1,22.1,8.3,0.0
2023-04-06,15.7,22.5,9.3,0.0
2023-04-07,16.6,24.9,8.1,0.0
2023-04-08,17.7,26.1,8.9,0.0
2023-04-09,18.7,27.0,9.5,0.0
2023-04-10,18.8,26.6,10.3,0.0
2023-04-11,19.1,26.9,10.9,0.0
2023-04-12,19.1,27.2,10.8,0.0
2023-04-13,19.1,27.1,10.3,0.0
2023-04-14,20.4,28.7,10.8,0.0
2023-04-15,20.1,27.1,12.7,0.0
2023-04-16,21.2,28.4,13.2,0.0
2023-04-17,21.6,29.1,13.5,0.0
2023-04-18,21.0,28.1,13.0,0.0
2023-04-19,21.3,29.3,12.8,0.0
2023-04-20,20.8,28.2,13.1,0.0
2023-04-21,19.7,26.7,13.0,0.0
2023-04-22,18.9,25.7,12.9,0.0
2023-04-23,18.2,25.5,12.0,0.0
2023-04-24,18.4,24.3,12.8,0.0
2023-04-25,19.0,25.1,11.5,0.0
2023-04-26,19.2,25.1,13.3,0.0
2023-04-27,19.5,25.7,12.4,0.0
2023-04-28,18.6,24.2,12.8,0.0
2023-04-29,18.5,25.4,12.3,0.0
2023-04-30,18.5,24.4,12.4,0.0
2023-05-01,18.2,23.9,13.0,0.5
2023-05-02,18.5,24.8,13.7,0.0
2023-05-03,19.0,25.5,12.5,0.0
2023-05-04,20.5,28.3,12.9,0.0
2023-05-05,20.4,26.9,13.8,0.0
2023-05-06,20.5,26.6,13.9,0.0
2023-05-07,21.1,29.5,13.0,0.0
2023-05-08,21.8,29.7,14.1,0.0
2023-05-09,21.8,29.2,13.8,0.0
2023-05-10,20.7,26.7,14.9,0.3
2023-05-11,19.6,24.6,14.0,0.0
2023-05-12,21.0,28.5,12.4,0.0
2023-05-13,17.2,20.8,15.0,6.0
2023-05-14,14.0,15.1,12.7,15.3
2023-05-15,13.0,14.9,11.8,22.4
2023-05-16,17.2,23.0,12.4,0.0
2023-05-17,18.3,25.2,12.0,0.0
2023-05-18,19.7,26.4,13.0,0.0
2023-05-19,20.0,26.9,13.5,0.0
2023-05-20,20.4,26.9,14.2,0.1
2023-05-21,21.1,29.0,13.5,0.0
2023-05-22,21.4,29.7,14.1,0.0
2023-05-23,21.7,28.6,14.7,0.0
2023-05-24,21.9,28.9,15.5,0.0
2023-05-25,20.5,25.2,15.7,0.0
2023-05-26,20.7,27.3,15.7,0.1
2023-05-27,21.7,28.9,15.3,0.0
2023-05-28,22.7,29.8,15.0,0.0
2023-05-29,24.3,32.8,16.5,0.0
2023-05-30,25.2,33.0,17.2,0.0
2023-05-31,26.0,33.4,19.0,0.0
2023-06-01,25.6,33.3,18.0,0.0
2023-06-02,23.6,30.8,18.2,0.5
2023-06-03,23.1,29.8,17.6,0.4
2023-06-04,23.7,30.9,16.7,0.0
2023-06-05,24.6,32.4,17.0,0.0
2023-06-06,23.5,29.2,18.5,2.6
2023-06-07,22.3,28.3,17.6,2.3
2023-06-08,20.2,25.5,18.1,23.2
2023-06-09,19.1,22.2,17.3,29.1
2023-06-10,17.0,18.8,15.7,8.6
2023-06-11,18.0,21.7,15.5,0.3
2023-06-12,18.6,21.4,16.7,3.2
2023-06-13,18.5,21.3,16.8,5.9
2023-06-14,17.7,18.9,16.4,22.3
2023-06-15,20.0,24.3,17.1,2.7
2023-06-16,20.7,25.4,17.1,0.2
2023-06-17,20.9,26.5,16.6,0.0
2023-06-18,21.6,27.0,16.9,0.0
2023-06-19,21.7,26.6,16.8,1.0
2023-06-20,21.2,26.6,17.2,0.7
2023-06-21,21.3,26.4,17.7,0.3
2023-06-22,20.4,24.5,17.0,3.2
2023-06-23,19.8,24.4,17.8,6.6
2023-06-24,20.0,25.5,16.8,8.4
2023-06-25,20.9,26.3,16.4,2.3
2023-06-26,21.6,27.2,17.3,0.5
2023-06-27,22.5,27.2,17.9,0.0
2023-06-28,23.0,29.3,17.9,0.0
2023-06-29,23.1,29.1,18.0,0.0
2023-06-30,23.2,29.1,17.6,0.0
2023-07-01,23.8,29.8,18.1,0.0
2023-07-02,24.0,29.9,18.7,0.0
2023-07-03,24.0,29.8,19.3,0.1
2023-07-04,21.1,24.3,19.2,24.3
2023-07-05,21.5,27.1,17.9,0.1
2023-07-06,22.0,26.5,18.2,0.9
2023-07-07,22.4,27.3,18.2,0.3
2023-07-08,22.2,27.1,18.2,0.0
2023-07-09,20.9,24.3,19.1,16.9
2023-07-10,21.5,26.0,18.4,0.4
2023-07-11,21.2,25.6,18.2,0.5
2023-07-12,21.1,25.1,18.2,3.5
2023-07-13,20.9,25.5,17.8,10.4
2023-07-14,21.1,27.2,17.6,10.5
2023-07-15,20.8,25.2,18.3,4.1
2023-07-16,22.1,27.4,18.1,0.0
2023-07-17,22.6,27.8,17.9,0.0
2023-07-18,23.0,29.4,16.7,0.0
2023-07-19,22.9,28.4,17.1,0.0
2023-07-20,20.2,24.8,18.0,8.3
2023-07-21,20.7,24.4,17.6,9.3
2023-07-22,20.8,24.7,18.6,10.9
2023-07-23,21.0,25.5,17.5,0.8
2023-07-24,21.5,26.6,18.1,0.9
2023-07-25,21.3,25.7,18.1,0.1
2023-07-26,21.8,27.4,17.4,0.3
2023-07-27,22.5,28.8,17.8,1.0
2023-07-28,21.1,25.5,19.2,17.2
2023-07-29,20.3,24.4,18.5,20.0
2023-07-30,21.2,25.1,18.6,12.9
2023-07-31,20.8,25.5,17.6,20.4
2023-08-01,20.4,24.0,17.9,8.2
2023-08-02,20.5,25.1,18.3,17.4
2023-08-03,20.9,26.0,18.1,15.1
2023-08-04,20.6,24.6,18.4,5.9
2023-08-05,20.6,23.9,18.6,13.3
2023-08-06,19.9,22.2,18.7,21.8
2023-08-07,20.4,23.7,18.6,14.8
2023-08-08,21.1,25.0,17.9,9.0
2023-08-09,21.0,25.7,18.0,25.3
2023-08-10,21.3,25.1,18.3,5.0
2023-08-11,21.7,27.1,17.8,0.5
2023-08-12,20.2,22.9,18.7,9.9
2023-08-13,20.9,25.7,17.7,5.0
2023-08-14,21.2,24.6,18.1,5.1
2023-08-15,20.9,24.8,18.1,2.3
2023-08-16,21.0,25.6,17.1,6.7
2023-08-17,21.5,26.3,18.1,11.9
2023-08-18,21.8,26.7,17.7,2.9
2023-08-19,21.4,25.3,19.0,3.0
2023-08-20,21.3,25.9,17.9,1.0
2023-08-21,20.2,23.6,18.7,12.6
2023-08-22,19.7,22.8,18.2,17.5
2023-08-23,19.9,23.5,17.9,6.5
2023-08-24,19.3,22.2,17.9,14.0
2023-08-25,20.4,24.8,17.8,3.7
2023-08-26,21.0,25.6,17.8,0.3
2023-08-27,20.6,26.5,17.8,5.6
2023-08-28,19.0,20.7,17.8,8.7
2023-08-29,19.7,24.1,16.7,0.7
2023-08-30,19.0,21.4,17.9,22.9
2023-08-31,19.8,24.9,17.5,3.7
2023-09-01,19.5,23.1,17.7,12.3
2023-09-02,17.9,19.1,17.0,14.0
2023-09-03,19.8,25.1,15.2,0.2
2023-09-04,20.3,24.7,16.5,0.0
2023-09-05,20.0,24.3,16.5,0.5
2023-09-06,19.8,25.2,16.1,2.5
2023-09-07,19.9,24.0,17.2,4.4
2023-09-08,20.3,24.4,17.1,2.7
2023-09-09,20.1,24.9,16.9,11.3
2023-09-10,20.2,24.0,17.5,3.0
2023-09-11,20.9,25.9,17.1,0.7
2023-09-12,20.0,24.4,17.9,10.1
2023-09-13,18.2,20.1,16.4,6.7
2023-09-14,19.3,24.4,15.8,0.0
2023-09-15,20.5,25.6,16.3,0.0
2023-09-16,21.1,26.3,16.1,0.0
2023-09-17,20.9,27.3,15.6,0.0
2023-09-18,20.1,24.2,16.3,1.8
2023-09-19,20.3,25.5,16.9,0.0
2023-09-20,20.4,25.8,17.2,0.3
2023-09-21,20.3,25.0,17.2,0.2
2023-09-22,20.3,24.6,17.0,0.7
2023-09-23,20.6,25.3,17.1,0.0
2023-09-24,20.8,26.0,17.1,0.0
2023-09-25,20.8,26.5,16.8,0.0
2023-09-26,19.9,24.4,15.3,1.3
2023-09-27,19.8,25.0,16.4,9.2
2023-09-28,18.9,22.9,16.1,15.9
2023-09-29,19.0,23.2,15.9,5.1
2023-09-30,19.8,24.6,15.6,4.1
2023-10-01,20.2,25.1,16.6,0.8
2023-10-02,20.6,25.8,16.9,0.2
2023-10-03,20.5,25.4,16.8,0.1
2023-10-04,20.5,25.3,16.7,0.0
2023-10-05,20.2,25.0,16.7,0.3
2023-10-06,20.2,24.8,16.6,0.1
2023-10-07,18.1,21.3,16.5,22.2
2023-10-08,16.7,18.8,15.5,14.9
2023-10-09,17.8,21.6,15.7,5.6
2023-10-10,17.0,19.3,15.5,6.3
2023-10-11,17.3,20.0,15.7,3.0
2023-10-12,17.1,18.8,15.9,24.3
2023-10-13,16.2,17.7,14.3,19.8
2023-10-14,16.4,20.5,13.6,1.3
2023-10-15,16.3,20.9,13.0,2.3
2023-10-16,17.2,23.0,12.7,0.0
2023-10-17,16.7,21.9,12.3,0.0
2023-10-18,16.6,21.9,11.8,0.0
2023-10-19,16.7,23.2,11.1,0.0
2023-10-20,16.2,21.5,12.4,0.4
2023-10-21,16.2,22.0,11.2,0.0
2023-10-22,16.2,22.1,10.6,0.0
2023-10-23,16.7,22.9,11.5,0.0
2023-10-24,16.6,20.5,14.4,3.0
2023-10-25,17.1,21.0,14.7,2.4
2023-10-26,16.9,22.3,13.7,0.1
2023-10-27,16.3,21.5,12.0,0.0
2023-10-28,15.6,21.0,10.8,0.0
2023-10-29,15.0,20.8,10.5,0.0
2023-10-30,15.9,21.6,12.2,0.0
2023-10-31,15.8,21.5,11.0,0.0
2023-11-01,16.6,22.5,12.0,0.0
2023-11-02,16.1,21.2,12.2,0.0
2023-11-03,15.6,21.6,10.4,0.0
2023-11-04,15.2,20.1,10.5,0.0
2023-11-05,14.9,20.7,10.2,0.0
2023-11-06,14.9,21.1,10.3,0.0
2023-11-07,14.8,20.3,9.9,0.0
2023-11-08,14.4,20.0,9.9,0.0
2023-11-09,13.9,19.7,8.9,0.0
2023-11-10,13.7,19.7,8.6,0.0
2023-11-11,14.2,21.0,9.1,0.0
2023-11-12,14.3,20.8,9.1,0.0
2023-11-13,14.4,20.4,9.3,0.0
2023-11-14,15.3,21.7,9.6,0.0
2023-11-15,15.6,21.6,11.5,0.0
2023-11-16,12.7,14.3,9.9,0.1
2023-11-17,9.7,10.7,8.7,12.4
2023-11-18,10.6,12.0,9.9,17.7
2023-11-19,11.4,16.5,8.3,0.0
2023-11-20,11.9,19.1,7.4,0.0
2023-11-21,11.8,18.2,7.1,0.0
2023-11-22,13.3,19.3,8.7,0.0
2023-11-23,12.1,17.9,8.6,0.0
2023-11-24,12.1,18.7,7.6,0.0
2023-11-25,12.5,18.4,8.0,0.0
2023-11-26,12.4,17.6,7.9,0.0
2023-11-27,12.0,18.5,8.3,0.0
2023-11-28,12.2,19.3,7.5,0.0
2023-11-29,12.4,18.5,7.9,0.0
2023-11-30,13.3,19.7,8.9,0.0
2023-12-01,13.2,19.5,7.8,0.0
2023-12-02,13.3,19.8,8.9,0.0
2023-12-03,12.9,17.6,9.7,0.0
2023-12-04,12.5,18.1,8.9,0.0
2023-12-05,12.6,17.5,8.8,0.0
2023-12-06,11.5,14.9,7.8,0.4
2023-12-07,11.0,12.6,9.6,2.8
2023-12-08,12.3,15.7,10.6,4.4
2023-12-09,13.3,18.0,10.5,0.0
2023-12-10,11.7,17.0,8.1,0.0
2023-12-11,11.2,17.0,6.4,0.0
2023-12-12,10.6,16.8,5.3,0.0
2023-12-13,11.7,15.7,9.3,1.2
2023-12-14,11.5,14.7,9.6,0.4
2023-12-15,11.0,16.3,7.0,0.0
2023-12-16,10.5,16.4,5.4,0.0
2023-12-17,11.1,16.4,7.6,0.0
2023-12-18,11.1,16.4,7.6,0.0
2023-12-19,10.9,16.7,6.7,0.0
2023-12-20,9.9,16.8,4.7,0.0
2023-12-21,9.9,16.7,4.5,0.0
2023-12-22,10.1,16.0,6.1,0.1
2023-12-23,10.7,15.5,8.3,0.5
2023-12-24,10.1,13.1,8.2,0.6
2023-12-25,8.4,9.6,6.7,10.4
2023-12-26,8.6,13.3,5.7,0.0
2023-12-27,8.7,14.7,4.9,0.0
2023-12-28,9.2,14.6,4.6,0.0
2023-12-29,9.2,14.8,4.5,0.0
2023-12-30,9.1,14.9,5.3,0.0
2023-12-31,9.1,15.6,3.7,0.0
2024-01-01,9.0,14.1,4.2,0.0
2024-01-02,8.9,14.5,4.2,0.0
2024-01-03,9.0,15.1,4.1,0.0
2024-01-04,9.4,15.4,4.8,0.0
2024-01-05,9.4,15.3,4.9,0.0
2024-01-06,8.8,15.2,4.2,0.0
2024-01-07,9.5,16.2,4.8,0.0
2024-01-08,9.1,15.4,3.6,0.0
2024-01-09,9.0,16.8,3.6,0.0
2024-01-10,9.2,15.8,3.4,0.0
2024-01-11,9.8,16.4,4.4,0.0
2024-01-12,9.3,16.9,3.9,0.0
2024-01-13,9.7,18.0,4.4,0.0
2024-01-14,9.7,18.1,3.7,0.0
2024-01-15,10.1,16.7,4.2,0.0
2024-01-16,9.5,14.9,4.9,0.0
2024-01-17,9.1,14.0,5.2,0.0
2024-01-18,9.3,15.1,5.0,0.0
2024-01-19,9.2,14.7,4.9,0.0
2024-01-20,8.8,15.2,3.6,0.0
2024-01-21,9.5,15.2,5.6,0.1
2024-01-22,8.5,13.5,3.6,0.0
2024-01-23,8.6,15.0,2.3,0.0
2024-01-24,9.7,14.7,5.6,0.0
2024-01-25,7.1,8.0,6.5,6.5
2024-01-26,8.3,12.6,5.7,0.0
2024-01-27,8.1,11.3,6.0,0.1
2024-01-28,7.8,12.9,3.5,0.0
2024-01-29,8.2,15.1,2.2,0.0
2024-01-30,9.2,15.7,3.9,0.0
2024-01-31,9.1,15.4,3.7,0.0
2024-02-01,8.9,15.4,2.9,0.0
2024-02-02,8.5,12.8,5.1,0.3
2024-02-03,8.0,11.3,5.2,2.3
2024-02-04,7.2,12.8,1.9,0.0
2024-02-05,8.2,12.7,5.0,0.3
2024-02-06,9.5,14.2,7.8,1.3
2024-02-07,9.8,14.5,6.7,19.3
2024-02-08,10.4,15.3,6.9,0.0
2024-02-09,9.1,16.4,2.9,0.0
2024-02-10,8.7,13.2,4.2,0.1
2024-02-11,9.9,15.1,5.2,0.7
2024-02-12,9.9,15.8,4.8,0.0
2024-02-13,10.4,17.6,4.3,0.0
2024-02-14,10.9,18.6,3.8,0.0
2024-02-15,11.5,18.5,5.0,0.0
2024-02-16,11.5,17.3,6.0,0.0
2024-02-17,11.4,18.6,4.7,0.0
2024-02-18,11.7,19.2,4.7,0.0
2024-02-19,12.0,19.5,4.8,0.0
2024-02-20,12.5,19.1,6.3,0.0
2024-02-21,11.8,17.3,6.8,0.1
2024-02-22,12.6,18.9,7.3,0.0
2024-02-23,13.5,17.7,10.7,0.4
2024-02-24,13.2,19.3,10.3,2.5
2024-02-25,12.4,18.5,7.4,0.0
2024-02-26,13.6,20.4,7.2,0.0
2024-02-27,13.8,21.3,7.5,0.0
2024-02-28,12.7,19.0,7.9,0.2
2024-02-29,12.9,20.0,7.0,0.0
2024-03-01,13.2,20.3,6.5,0.0
2024-03-02,13.4,21.7,5.6,0.0
2024-03-03,13.8,23.0,6.9,0.0
2024-03-04,15.1,23.5,8.2,0.0
2024-03-05,14.9,22.1,9.2,0.0
2024-03-06,14.6,22.5,8.1,0.0
2024-03-07,14.7,22.0,7.4,0.0
2024-03-08,14.7,23.1,7.9,0.0
2024-03-09,14.0,21.5,6.5,0.0
2024-03-10,14.2,21.7,6.4,0.0
2024-03-11,14.8,23.6,6.8,0.0
2024-03-12,15.8,21.9,9.7,0.0
2024-03-13,15.7,22.4,10.4,0.0
2024-03-14,14.7,22.1,7.9,0.0
2024-03-15,15.4,23.2,9.0,0.0
2024-03-16,15.6,23.6,7.3,0.0
2024-03-17,16.2,24.0,7.8,0.0
2024-03-18,16.6,24.8,8.5,0.0
2024-03-19,15.9,23.4,8.7,0.4
2024-03-20,15.3,21.5,9.5,0.1
2024-03-21,17.0,25.8,8.9,0.0
2024-03-22,15.0,20.9,11.7,1.1
2024-03-23,14.1,20.7,8.0,0.0
2024-03-24,14.3,21.1,9.0,0.0
2024-03-25,15.6,25.1,7.6,0.0
2024-03-26,16.6,23.8,9.4,0.0
2024-03-27,15.1,22.7,10.0,0.0
2024-03-28,15.6,23.2,8.9,0.0
2024-03-29,16.4,23.6,10.1,0.0
2024-03-30,17.4,24.7,11.1,0.0
2024-03-31,16.9,23.4,12.1,0.3
2024-04-01,16.3,22.7,12.1,0.2
2024-04-02,17.1,25.3,10.5,0.0
2024-04-03,17.5,24.6,11.3,0.0
2024-04-04,17.4,24.2,11.5,0.1
2024-04-05,17.1,23.6,10.3,0.1
2024-04-06,18.1,24.9,11.4,0.0
2024-04-07,18.8,25.8,12.0,0.0
2024-04-08,19.4,26.9,12.1,0.0
2024-04-09,19.0,26.4,12.2,0.0
2024-04-10,18.2,24.7,12.0,0.2
2024-04-11,17.9,24.2,14.2,1.0
2024-04-12,18.4,25.4,11.3,0.0
2024-04-13,18.2,24.8,11.3,0.0
2024-04-14,19.1,28.1,10.4,0.0
2024-04-15,19.5,27.7,10.5,0.0
2024-04-16,19.9,27.5,12.2,0.0
2024-04-17,18.8,24.6,12.8,0.3
2024-04-18,19.2,27.4,12.7,0.0
2024-04-19,18.6,26.3,12.3,0.0
2024-04-20,17.1,22.2,12.8,0.0
2024-04-21,17.5,23.6,12.6,0.0
2024-04-22,19.1,25.8,12.9,0.0
2024-04-23,19.3,26.1,12.6,0.0
2024-04-24,19.6,26.0,13.1,0.0
2024-04-25,19.0,26.6,12.7,0.0
2024-04-26,18.8,26.8,10.7,0.0
2024-04-27,19.4,27.4,10.9,0.0
2024-04-28,19.9,27.5,12.9,0.0
2024-04-29,19.6,25.6,13.9,0.7
2024-04-30,18.8,24.9,12.6,0.1
2024-05-01,19.1,25.5,13.5,0.0
2024-05-02,18.6,26.7,13.4,0.7
2024-05-03,17.5,23.8,12.7,1.5
2024-05-04,18.6,26.7,11.0,0.0
2024-05-05,17.5,23.5,12.7,0.0
2024-05-06,17.7,23.6,12.4,0.0
2024-05-07,19.3,26.0,12.4,0.0
2024-05-08,19.2,23.8,14.6,1.3
2024-05-09,18.8,23.2,14.1,0.1
2024-05-10,19.0,25.9,13.0,0.0
2024-05-11,19.0,24.6,13.9,0.3
2024-05-12,19.9,26.3,13.4,0.2
2024-05-13,20.6,26.7,14.5,0.1
2024-05-14,22.2,29.7,15.5,0.0
2024-05-15,22.7,29.8,14.8,0.0
2024-05-16,22.6,29.6,17.1,0.6
2024-05-17,23.0,30.2,16.7,0.1
2024-05-18,21.9,29.7,15.7,0.0
2024-05-19,21.4,29.7,15.1,0.1
2024-05-20,17.1,20.2,15.4,11.5
2024-05-21,19.2,24.9,14.5,0.0
2024-05-22,19.9,26.5,14.2,0.0
2024-05-23,20.4,27.5,15.2,5.7
2024-05-24,21.2,27.6,15.1,0.1
2024-05-25,21.6,27.3,16.7,0.2
2024-05-26,21.1,26.6,16.9,0.5
2024-05-27,19.7,23.6,17.6,9.1
2024-05-28,19.8,23.2,17.9,8.6
2024-05-29,20.8,26.0,17.9,2.8
2024-05-30,21.2,27.4,16.5,0.0
2024-05-31,21.4,26.7,16.9,0.8
2024-06-01,22.0,27.8,17.5,2.3
2024-06-02,21.9,26.6,17.8,0.2
2024-06-03,21.6,27.3,16.8,0.6
2024-06-04,22.5,28.9,16.8,0.0
2024-06-05,22.3,29.0,17.8,2.1
2024-06-06,22.6,28.1,18.0,1.9
2024-06-07,22.7,29.0,18.3,0.3
2024-06-08,22.7,28.9,18.0,1.2
2024-06-09,21.6,26.5,18.8,11.1
2024-06-10,21.7,27.0,18.2,4.8
2024-06-11,22.9,27.9,18.5,0.2
2024-06-12,21.8,27.2,18.3,0.7
2024-06-13,21.8,26.5,18.2,0.3
2024-06-14,22.3,28.7,18.4,0.9
2024-06-15,21.0,24.9,18.8,14.6
2024-06-16,22.0,26.6,18.4,2.3
2024-06-17,21.9,28.8,18.1,1.0
2024-06-18,21.9,27.0,17.9,0.2
2024-06-19,21.7,27.4,18.0,0.7
2024-06-20,22.0,26.6,17.3,0.9
2024-06-21,22.9,28.9,17.6,0.0
2024-06-22,23.3,29.7,18.6,0.3
2024-06-23,23.1,29.5,18.5,1.1
2024-06-24,20.5,23.9,18.8,25.4
2024-06-25,19.9,24.2,17.7,7.1
2024-06-26,21.0,25.8,17.4,9.9
2024-06-27,20.4,24.0,18.4,12.9
2024-06-28,21.0,25.7,18.4,4.6
2024-06-29,20.3,23.7,18.0,4.3
2024-06-30,19.5,22.0,18.1,3.6
2024-07-01,18.9,20.8,17.9,20.6
2024-07-02,19.1,21.5,17.6,6.8
2024-07-03,21.0,25.6,17.9,6.3
2024-07-04,19.7,23.0,17.9,4.9
2024-07-05,20.6,25.3,18.0,2.7
2024-07-06,20.8,25.3,17.9,0.4
2024-07-07,21.4,25.7,17.9,0.7
2024-07-08,21.5,26.2,18.3,0.2
2024-07-09,21.4,25.4,18.5,0.3
2024-07-10,21.0,25.1,18.4,7.2
2024-07-11,20.6,24.4,18.1,1.9
2024-07-12,20.9,24.6,18.6,2.5
2024-07-13,21.8,27.2,18.4,1.2
2024-07-14,21.6,25.1,19.0,0.3
2024-07-15,21.2,25.5,18.6,0.5
2024-07-16,21.8,26.0,18.3,0.0
2024-07-17,21.9,25.7,18.7,0.0
2024-07-18,22.5,26.9,19.1,0.4
2024-07-19,23.1,27.9,18.6,0.4
2024-07-20,22.4,26.8,18.9,0.8
2024-07-21,19.9,20.8,19.2,17.7
2024-07-22,21.2,26.3,17.6,1.4
2024-07-23,22.4,27.1,18.2,0.8
2024-07-24,22.3,27.7,18.6,2.9
2024-07-25,21.7,26.4,18.1,6.8
2024-07-26,22.3,27.5,18.5,14.1
2024-07-27,23.1,28.0,18.9,0.0
2024-07-28,23.6,28.9,19.3,0.6
2024-07-29,21.6,26.0,19.2,14.1
2024-07-30,19.6,20.8,19.0,36.1
2024-07-31,20.5,24.4,18.2,5.1
2024-08-01,21.9,28.4,16.7,0.0
2024-08-02,22.0,27.5,17.8,0.1
2024-08-03,21.2,26.3,17.8,2.1
2024-08-04,20.1,23.0,18.7,17.0
2024-08-05,20.0,23.0,17.8,9.0
2024-08-06,20.1,25.6,17.1,12.8
2024-08-07,20.6,25.6,17.5,0.5
2024-08-08,21.0,25.5,17.2,0.2
2024-08-09,21.5,27.1,17.5,0.0
2024-08-10,20.3,24.1,18.2,8.1
2024-08-11,20.2,23.7,18.1,22.3
2024-08-12,21.6,26.8,17.6,0.1
2024-08-13,21.7,26.8,17.5,0.0
2024-08-14,21.9,26.6,17.3,0.2
2024-08-15,21.4,26.2,16.9,1.3
2024-08-16,19.6,22.5,17.0,18.5
2024-08-17,19.4,22.3,17.1,4.5
2024-08-18,18.7,20.1,17.6,18.2
2024-08-19,19.8,24.3,17.6,9.7
2024-08-20,20.4,24.9,18.1,1.7
2024-08-21,21.3,26.7,17.6,4.6
2024-08-22,21.7,26.8,17.3,0.7
2024-08-23,20.7,24.8,16.2,2.3
2024-08-24,21.1,25.7,17.3,8.9
2024-08-25,20.6,25.6,16.7,10.7
2024-08-26,20.6,24.4,17.2,7.0
2024-08-27,20.3,23.7,17.6,21.1
2024-08-28,21.3,25.1,17.6,17.0
2024-08-29,22.1,27.1,18.3,0.4
2024-08-30,22.0,27.6,18.1,2.3
2024-08-31,20.6,24.1,18.7,22.5
2024-09-01,20.0,23.2,17.6,19.8
2024-09-02,19.7,23.0,17.1,24.5
2024-09-03,19.7,23.9,17.3,3.2
2024-09-04,20.0,23.8,17.7,9.1
2024-09-05,19.0,23.0,16.9,22.9
2024-09-06,19.9,24.5,16.3,2.6
2024-09-07,21.1,25.4,16.4,0.4
2024-09-08,20.9,25.1,17.2,2.0
2024-09-09,20.1,23.7,18.2,19.3
2024-09-10,19.7,23.2,17.2,20.4
2024-09-11,19.2,23.0,16.6,20.5
2024-09-12,18.7,21.9,16.2,12.4
2024-09-13,19.3,24.7,16.1,5.2
2024-09-14,19.6,23.7,16.3,4.1
2024-09-15,20.6,25.9,16.3,0.0
2024-09-16,19.5,23.1,17.0,0.9
2024-09-17,19.6,24.3,16.6,3.6
2024-09-18,20.4,25.0,16.1,0.6
2024-09-19,21.3,25.9,17.7,0.1
2024-09-20,21.6,25.9,17.7,0.2
2024-09-21,21.5,25.6,17.9,0.8
2024-09-22,20.3,25.1,17.2,8.8
2024-09-23,20.1,24.2,15.9,1.4
2024-09-24,20.6,26.3,16.5,0.5
2024-09-25,20.8,25.1,17.5,2.6
2024-09-26,19.1,22.4,17.5,6.3
2024-09-27,19.2,23.3,16.8,3.2
2024-09-28,20.2,25.0,16.5,0.0
2024-09-29,20.5,24.8,16.8,0.0
2024-09-30,19.2,22.6,16.9,16.6
2024-10-01,17.9,20.1,15.9,10.7
2024-10-02,15.6,17.2,14.3,3.4
2024-10-03,17.0,20.5,14.0,1.1
2024-10-04,17.9,20.1,16.5,1.2
2024-10-05,18.6,22.1,16.0,2.4
2024-10-06,19.0,23.0,16.3,0.7
2024-10-07,18.4,21.8,16.0,2.2
2024-10-08,18.2,21.8,15.8,1.0
2024-10-09,18.1,22.3,15.4,4.0
2024-10-10,18.2,22.8,15.3,0.9
2024-10-11,17.7,21.5,14.9,0.8
2024-10-12,17.9,22.3,15.0,0.6
2024-10-13,17.2,21.6,14.4,0.3
2024-10-14,16.9,20.9,14.3,1.8
2024-10-15,16.1,20.1,13.2,2.5
2024-10-16,15.7,19.0,13.2,5.6
2024-10-17,16.4,21.4,13.1,0.0
2024-10-18,16.6,21.4,12.9,0.0
2024-10-19,16.9,23.0,12.4,0.2
2024-10-20,16.7,20.4,13.9,1.6
2024-10-21,16.5,20.5,13.6,0.3
2024-10-22,16.8,20.3,14.4,0.8
2024-10-23,15.5,17.1,14.6,9.9
2024-10-24,16.5,20.7,14.2,1.4
2024-10-25,17.2,22.5,13.1,0.0
2024-10-26,17.4,23.5,13.6,0.0
2024-10-27,16.7,21.0,13.7,0.0
2024-10-28,16.6,21.0,13.4,0.3
2024-10-29,16.5,22.3,12.0,0.2
2024-10-30,16.7,22.8,12.7,0.0
2024-10-31,16.9,22.5,12.7,0.0
2024-11-01,16.8,22.7,12.2,0.4
2024-11-02,16.0,19.7,13.8,5.9
2024-11-03,16.1,21.1,13.0,0.7
2024-11-04,14.7,17.6,12.3,8.6
2024-11-05,13.8,17.0,11.6,4.1
2024-11-06,13.2,15.1,11.3,8.5
2024-11-07,12.3,13.0,11.0,39.4
2024-11-08,11.0,12.2,9.9,12.0
2024-11-09,12.0,16.9,8.6,0.0
2024-11-10,14.0,19.5,10.3,0.1
2024-11-11,14.3,20.5,9.3,0.0
2024-11-12,14.1,19.5,10.1,0.0
2024-11-13,14.1,20.0,9.6,0.0
2024-11-14,13.7,20.3,9.3,0.0
2024-11-15,13.7,20.4,9.4,0.0
2024-11-16,13.5,20.6,9.2,0.0
2024-11-17,13.4,20.3,9.3,0.0
2024-11-18,12.9,18.6,8.2,0.0
2024-11-19,13.4,19.3,8.9,0.0
2024-11-20,13.3,19.0,10.5,0.1
2024-11-21,11.6,16.0,8.7,2.3
2024-11-22,11.2,16.1,8.0,0.2
2024-11-23,11.6,16.3,8.0,0.0
2024-11-24,11.9,16.4,8.6,0.0
2024-11-25,11.8,16.8,7.8,0.0
2024-11-26,12.2,16.9,7.8,0.0
2024-11-27,12.2,17.8,8.2,0.0
2024-11-28,11.9,17.6,8.1,0.0
2024-11-29,11.8,16.4,9.2,0.0
2024-11-30,11.6,16.5,8.0,0.0
2024-12-01,11.1,16.7,7.0,0.0
2024-12-02,11.1,17.1,6.5,0.0
2024-12-03,11.5,17.1,6.9,0.0
2024-12-04,11.2,16.8,7.2,0.0
2024-12-05,11.4,17.1,7.5,0.0
2024-12-06,11.0,17.2,6.7,0.0
2024-12-07,11.2,17.2,6.7,0.0
2024-12-08,11.6,17.4,7.1,0.0
2024-12-09,11.9,17.6,8.0,0.0
2024-12-10,12.3,17.6,9.0,0.0
2024-12-11,10.8,16.4,6.7,0.0
2024-12-12,11.4,17.6,6.8,0.0
2024-12-13,11.7,18.0,7.1,0.0
2024-12-14,11.7,17.4,7.5,0.0
2024-12-15,11.5,17.5,7.2,0.0
2024-12-16,10.8,17.7,6.4,0.0
2024-12-17,11.1,17.8,6.0,0.0
2024-12-18,10.3,16.0,5.4,0.0
2024-12-19,10.4,16.4,5.4,0.0
2024-12-20,10.6,16.5,6.2,0.0
2024-12-21,9.0,12.7,5.6,0.1
2024-12-22,10.6,14.4,8.0,0.3
2024-12-23,9.3,16.7,4.8,0.0
2024-12-24,10.3,16.8,5.4,0.0
2024-12-25,10.5,16.5,6.3,0.0
2024-12-26,10.8,17.4,5.8,0.0
2024-12-27,10.6,17.8,5.4,0.0
2024-12-28,10.9,17.9,5.7,0.0
2024-12-29,11.5,18.2,6.2,0.0
2024-12-30,11.5,16.2,7.8,0.0
2024-12-31,10.6,16.0,6.2,0.0
2025-01-01,10.0,16.7,4.7,0.0
2025-01-02,10.0,16.9,5.3,0.0
2025-01-03,10.3,17.0,5.7,0.0
2025-01-04,10.6,17.8,5.3,0.0
2025-01-05,11.0,17.0,7.7,0.3
2025-01-06,10.3,17.1,5.3,0.0
2025-01-07,11.1,16.3,6.7,0.0
2025-01-08,9.1,11.1,7.0,2.1
2025-01-09,8.6,13.5,5.2,0.0
2025-01-10,9.5,14.2,5.0,0.0
2025-01-11,9.1,14.3,5.5,0.1
2025-01-12,8.7,13.3,5.6,0.0
2025-01-13,10.1,13.6,7.4,0.1
2025-01-14,9.8,14.7,5.9,0.0
2025-01-15,9.4,15.2,5.1,0.1
2025-01-16,9.3,15.6,4.9,0.1
2025-01-17,10.7,18.2,5.3,0.0
2025-01-18,11.7,19.6,5.7,0.0
2025-01-19,11.8,19.2,5.6,0.0
2025-01-20,11.4,19.2,5.2,0.0
2025-01-21,11.4,18.2,5.6,0.0
2025-01-22,11.5,17.9,6.3,0.0
2025-01-23,12.0,19.1,6.7,0.0
2025-01-24,12.3,19.6,7.2,0.0
2025-01-25,11.2,15.1,7.6,0.0
2025-01-26,7.1,9.9,3.6,0.6
2025-01-27,3.7,5.7,1.8,5.8
2025-01-28,4.6,5.8,3.4,5.6
2025-01-29,7.9,13.6,2.9,0.0
2025-01-30,9.9,13.4,6.3,0.0
2025-01-31,10.5,17.0,5.7,0.0
2025-02-01,10.6,17.9,5.0,0.0
2025-02-02,10.7,17.4,5.3,0.0
2025-02-03,10.6,17.1,5.0,0.0
2025-02-04,10.9,18.7,5.5,0.0
2025-02-05,12.2,19.6,5.8,0.0
2025-02-06,12.6,19.6,7.2,0.0
2025-02-07,12.2,19.9,6.2,0.0
2025-02-08,11.8,18.6,5.6,0.0
2025-02-09,12.1,18.0,6.2,0.0
2025-02-10,12.4,18.1,7.3,0.0
2025-02-11,12.4,18.3,6.9,0.0
2025-02-12,11.7,17.4,6.2,0.0
2025-02-13,10.2,15.6,6.2,1.0
2025-02-14,9.4,13.0,6.2,5.1
2025-02-15,10.5,16.4,5.4,0.0
2025-02-16,9.5,13.8,6.1,1.8
2025-02-17,10.3,16.7,5.3,0.1
2025-02-18,10.8,17.4,5.1,0.0
2025-02-19,10.1,15.4,7.0,0.8
2025-02-20,10.8,17.9,5.0,0.0
2025-02-21,11.3,18.1,5.4,0.0
2025-02-22,11.7,18.0,6.3,0.0
2025-02-23,12.1,19.3,6.1,0.0
2025-02-24,11.9,17.6,7.4,0.0
2025-02-25,11.6,18.2,6.4,0.1
2025-02-26,11.8,19.3,5.8,0.1
2025-02-27,12.4,21.1,4.9,0.0
2025-02-28,13.4,22.4,6.1,0.0
2025-03-01,13.2,19.5,8.1,0.0
2025-03-02,12.2,18.6,8.3,0.9
2025-03-03,12.1,17.8,6.8,0.0
2025-03-04,12.8,20.1,7.4,0.0
2025-03-05,13.3,20.5,7.4,0.0
2025-03-06,13.2,20.4,7.0,0.0
2025-03-07,12.9,19.2,7.3,0.6
2025-03-08,13.7,20.2,8.1,0.1
2025-03-09,13.9,20.7,8.2,0.0
2025-03-10,14.7,22.4,7.9,0.0
2025-03-11,15.2,23.2,7.7,0.0
2025-03-12,15.2,22.2,8.5,0.0
2025-03-13,13.6,19.6,8.3,0.3
2025-03-14,12.8,18.0,8.0,0.0
2025-03-15,14.2,20.1,8.8,0.0
2025-03-16,14.0,19.9,8.3,0.3
2025-03-17,15.5,21.6,10.4,0.3
2025-03-18,13.9,20.2,8.8,4.7
2025-03-19,9.7,14.8,6.1,1.5
2025-03-20,11.9,16.6,8.6,0.0
2025-03-21,13.6,19.5,9.7,0.5
2025-03-22,14.5,19.9,10.4,0.1
2025-03-23,13.5,19.0,10.1,0.1
2025-03-24,13.7,19.9,8.7,0.0
2025-03-25,14.6,22.2,7.9,0.0
2025-03-26,15.7,23.7,8.5,0.0
2025-03-27,16.5,24.9,8.9,0.0
2025-03-28,17.3,25.3,9.6,0.0
2025-03-29,17.5,23.4,11.8,0.0
2025-03-30,18.1,25.5,10.8,0.0
2025-03-31,18.3,26.2,11.0,0.0
2025-04-01,18.4,26.4,12.0,0.0
2025-04-02,18.6,26.2,12.0,0.0
2025-04-03,19.0,27.6,11.7,0.0
2025-04-04,19.6,27.0,12.4,0.0
2025-04-05,16.6,21.2,12.8,1.9
2025-04-06,16.6,23.7,9.9,0.0
2025-04-07,17.5,23.8,10.6,0.0
2025-04-08,18.7,25.0,12.7,0.0
2025-04-09,19.4,26.6,12.3,0.0
2025-04-10,18.9,26.0,11.3,0.0
2025-04-11,18.4,24.5,12.5,0.3
2025-04-12,17.4,24.6,12.6,4.5
2025-04-13,15.1,22.4,10.6,0.7
2025-04-14,18.1,25.8,11.8,0.0
2025-04-15,18.5,24.1,13.4,0.3
2025-04-16,18.5,25.5,13.3,0.0
2025-04-17,18.3,25.2,13.5,0.0
2025-04-18,18.2,24.5,12.6,0.1
2025-04-19,18.3,24.7,12.5,0.0
2025-04-20,19.0,25.8,13.1,0.1
2025-04-21,19.2,25.3,14.0,0.1
2025-04-22,19.5,26.5,14.0,0.0
2025-04-23,19.0,25.7,13.9,0.6
2025-04-24,19.0,25.9,13.7,0.5
2025-04-25,18.6,24.2,13.1,0.0
2025-04-26,19.4,25.8,13.5,0.0
2025-04-27,20.2,28.1,12.8,0.0
2025-04-28,20.0,27.0,13.1,0.0
2025-04-29,20.3,25.6,15.5,0.0
2025-04-30,19.1,26.2,15.2,1.1
2025-05-01,15.3,17.4,13.8,10.0
2025-05-02,15.3,19.4,13.4,1.3
2025-05-03,16.7,22.2,12.1,0.8
2025-05-04,18.2,24.9,12.3,0.0
2025-05-05,19.4,26.2,13.2,0.0
2025-05-06,20.0,25.9,13.9,0.1
2025-05-07,20.3,27.4,14.7,0.0
2025-05-08,20.4,27.3,14.7,0.1
2025-05-09,21.2,28.8,13.7,0.0
2025-05-10,21.2,28.3,15.5,1.6
2025-05-11,19.3,26.0,14.8,1.3
2025-05-12,20.0,26.4,15.5,0.8
2025-05-13,19.7,25.5,15.0,0.5
2025-05-14,20.7,26.8,15.8,0.1
2025-05-15,21.2,27.0,15.7,0.0
2025-05-16,21.5,26.8,16.0,0.4
2025-05-17,21.5,27.8,16.0,0.0
2025-05-18,21.8,27.8,16.2,0.0
2025-05-19,21.9,28.0,17.0,0.8
2025-05-20,22.0,28.4,16.5,0.2
2025-05-21,21.8,26.2,16.6,0.2
2025-05-22,22.9,29.6,16.4,0.0
2025-05-23,17.6,22.1,15.9,17.1
2025-05-24,15.1,15.9,14.2,25.5
2025-05-25,14.7,16.1,13.9,15.4
2025-05-26,15.5,17.1,13.6,7.4
2025-05-27,17.1,20.6,15.3,25.9
2025-05-28,17.7,19.9,16.0,39.0
2025-05-29,18.3,22.2,16.6,30.5
2025-05-30,19.9,24.4,17.0,9.9
2025-05-31,20.0,23.4,17.6,3.8
2025-06-01,20.2,24.1,17.5,2.7
2025-06-02,20.0,24.5,17.8,18.3
2025-06-03,19.3,23.7,17.0,13.2
2025-06-04,19.8,25.0,16.4,1.4
2025-06-05,20.8,27.0,15.8,0.1
2025-06-06,21.6,27.2,16.6,0.2
2025-06-07,21.7,27.2,16.8,0.0
2025-06-08,21.8,27.0,17.2,0.9
2025-06-09,20.5,26.6,17.4,7.1
2025-06-10,18.1,21.3,16.7,57.6
2025-06-11,20.6,25.9,16.0,0.0
2025-06-12,21.6,27.1,17.1,0.0
2025-06-13,22.3,28.0,17.4,0.0
2025-06-14,22.6,27.2,18.0,0.0
2025-06-15,21.2,24.5,18.5,7.6
2025-06-16,21.0,25.3,18.1,4.7
2025-06-17,21.2,24.8,18.2,8.2
2025-06-18,21.4,26.3,17.8,0.8
2025-06-19,21.4,25.8,18.2,0.9
2025-06-20,21.3,26.2,18.2,0.9
2025-06-21,20.7,27.5,18.3,18.9
2025-06-22,18.5,19.5,17.7,45.1
2025-06-23,19.2,22.2,17.7,5.1
2025-06-24,20.0,23.3,17.2,1.8
2025-06-25,19.9,23.8,17.1,3.5
2025-06-26,20.6,25.1,17.9,8.1
2025-06-27,20.7,26.0,17.7,12.5
2025-06-28,20.8,26.3,16.8,0.7
2025-06-29,21.0,25.8,17.1,0.3
2025-06-30,21.7,26.8,18.1,2.1
2025-07-01,21.9,26.9,18.4,3.5
2025-07-02,20.2,25.3,17.3,28.2
2025-07-03,20.4,23.8,17.3,3.4
2025-07-04,20.2,23.0,17.6,4.6
2025-07-05,18.6,19.6,17.2,12.9
2025-07-06,18.5,22.9,17.1,26.4
2025-07-07,19.6,23.1,17.4,3.4
2025-07-08,20.4,24.4,16.9,0.3
2025-07-09,20.9,25.8,17.3,0.7
2025-07-10,21.6,26.6,17.2,0.7
2025-07-11,21.2,25.9,17.5,13.4
2025-07-12,20.7,24.6,17.9,13.8
2025-07-13,21.2,25.8,17.6,1.7
2025-07-14,21.4,26.5,17.7,1.5
2025-07-15,21.7,26.9,17.5,0.5
2025-07-16,21.6,26.0,18.2,8.3
2025-07-17,21.7,27.0,17.6,7.4
2025-07-18,22.8,27.8,18.3,0.1
2025-07-19,20.9,24.2,18.9,8.2
2025-07-20,21.8,26.2,18.1,3.6
2025-07-21,22.2,27.0,18.1,4.3
2025-07-22,22.7,27.8,19.0,6.0
2025-07-23,21.4,25.2,18.7,6.6
2025-07-24,20.7,24.6,18.3,25.7
2025-07-25,20.9,24.3,18.6,12.7
2025-07-26,19.3,20.4,18.4,14.8
2025-07-27,19.8,23.0,17.9,11.0
2025-07-28,21.0,26.0,16.9,2.5
2025-07-29,22.2,27.9,17.6,0.1
2025-07-30,22.0,26.7,18.3,1.2
2025-07-31,20.3,24.3,18.1,11.4
2025-08-01,21.4,26.6,17.7,1.2
2025-08-02,21.1,25.4,18.5,7.8
2025-08-03,21.7,26.8,17.9,0.1
2025-08-04,22.2,27.5,18.5,0.2
2025-08-05,22.3,28.3,18.5,1.3
2025-08-06,21.7,25.6,18.9,14.7
2025-08-07,20.3,24.6,18.4,25.3
2025-08-08,21.0,25.3,17.5,2.5
2025-08-09,21.6,25.9,18.2,0.3
2025-08-10,21.7,25.9,18.2,0.3
2025-08-11,21.2,26.0,18.6,4.5
2025-08-12,19.5,21.9,18.2,14.2
2025-08-13,19.3,22.3,17.7,16.6
2025-08-14,19.7,23.0,17.6,17.5
2025-08-15,20.5,25.3,17.2,4.0
2025-08-16,19.3,22.6,17.1,19.1
2025-08-17,19.1,23.0,17.6,19.4
2025-08-18,20.1,24.9,15.8,0.9
2025-08-19,20.5,24.4,17.8,3.3
2025-08-20,20.2,23.8,17.6,1.0
2025-08-21,19.8,23.1,17.2,0.2
2025-08-22,18.6,21.5,17.6,23.4
2025-08-23,19.3,22.8,17.3,1.2
2025-08-24,18.8,21.3,17.3,9.1
2025-08-25,19.5,23.3,17.3,27.3
2025-08-26,20.3,24.9,16.3,0.5
2025-08-27,20.3,24.7,16.3,1.4
2025-08-28,20.0,23.7,17.4,9.5
2025-08-29,19.0,22.4,17.1,6.4
2025-08-30,19.6,23.9,16.5,11.5
2025-08-31,19.9,24.7,16.7,1.7
2025-09-01,19.9,24.7,16.6,3.7
2025-09-02,20.5,25.3,16.4,0.0
2025-09-03,21.2,26.3,17.0,0.0
2025-09-04,21.3,26.4,17.3,0.0
2025-09-05,21.2,25.8,17.2,0.1
2025-09-06,20.6,23.9,17.9,3.5
2025-09-07,20.7,25.2,17.4,2.6
2025-09-08,20.6,25.2,17.6,1.2
2025-09-09,20.8,24.7,18.1,4.2
2025-09-10,20.5,24.4,17.8,2.7
2025-09-11,20.5,24.0,17.9,0.7
2025-09-12,20.4,23.7,17.8,3.4
2025-09-13,19.0,21.5,17.7,27.2
2025-09-14,19.5,23.5,16.6,11.7
2025-09-15,19.5,24.2,16.0,0.3
2025-09-16,19.4,23.6,16.1,0.7
2025-09-17,19.7,23.9,16.7,0.4
2025-09-18,19.9,23.6,17.1,1.5
2025-09-19,19.9,23.4,17.4,1.5
2025-09-20,20.2,24.8,16.9,0.5
2025-09-21,20.6,26.2,16.8,0.2
2025-09-22,20.2,24.7,16.9,1.2
2025-09-23,19.0,23.0,17.1,14.8
2025-09-24,19.0,22.9,16.9,8.2
2025-09-25,19.5,24.9,15.2,0.0
2025-09-26,17.5,18.2,17.0,7.5
2025-09-27,18.9,23.2,16.7,8.1
2025-09-28,19.4,24.4,16.3,1.7
2025-09-29,18.7,23.3,15.9,21.9
2025-09-30,17.3,18.7,16.3,18.5
2025-10-01,17.6,20.0,16.3,24.4
2025-10-02,18.7,23.2,15.6,0.5
2025-10-03,19.5,24.7,15.7,0.0
2025-10-04,19.7,24.4,16.6,0.1
2025-10-05,20.2,25.3,16.4,0.0
2025-10-06,20.0,27.6,15.9,1.0
2025-10-07,18.1,21.4,16.2,9.6
2025-10-08,18.5,22.7,16.7,5.8
2025-10-09,18.9,23.8,15.1,0.0
2025-10-10,19.1,23.9,15.3,0.2
2025-10-11,19.0,23.6,15.3,0.1
2025-10-12,18.9,23.5,15.2,0.1
2025-10-13,18.7,23.7,15.1,0.0
2025-10-14,19.0,24.0,14.7,0.0
2025-10-15,18.9,23.6,15.1,0.0
2025-10-16,17.0,18.3,16.0,6.4
2025-10-17,16.9,19.2,15.7,17.8
2025-10-18,17.7,22.1,15.0,1.1
2025-10-19,16.2,18.5,15.1,20.1
2025-10-20,17.0,20.6,14.4,4.3
2025-10-21,16.3,21.1,13.5,0.6
2025-10-22,16.3,21.7,12.8,0.0
2025-10-23,16.1,20.9,12.8,0.0
2025-10-24,16.0,20.3,13.0,0.5
2025-10-25,16.4,21.0,13.2,1.0
2025-10-26,16.6,22.1,12.8,0.0
2025-10-27,16.6,22.4,11.9,0.0
2025-10-28,16.7,22.5,12.3,0.0
2025-10-29,17.3,22.1,13.5,0.0
2025-10-30,17.6,22.8,14.0,0.0
2025-10-31,17.8,23.0,14.4,0.5
2025-11-01,17.1,21.6,13.9,0.5
2025-11-02,16.2,19.8,14.3,10.1
2025-11-03,12.8,15.8,11.8,17.9
2025-11-04,13.1,16.4,11.0,0.0
2025-11-05,13.8,15.6,11.2,5.5
2025-11-06,17.0,21.5,14.2,0.2
2025-11-07,17.2,23.5,13.4,0.0
2025-11-08,17.0,23.1,13.7,0.0
2025-11-09,17.1,22.4,13.5,0.0
2025-11-10,16.1,21.6,12.4,0.0
2025-11-11,14.8,21.1,10.0,0.0
2025-11-12,14.2,20.0,9.4,0.0
2025-11-13,14.1,19.6,10.0,0.0
2025-11-14,13.4,19.2,8.7,0.0
2025-11-15,13.2,19.6,8.6,0.0
2025-11-16,13.2,19.6,8.6,0.0
2025-11-17,12.7,19.4,8.1,0.0
2025-11-18,13.2,19.4,9.6,0.0
2025-11-19,10.7,13.3,8.9,2.3
2025-11-20,11.6,15.8,9.7,0.7
2025-11-21,12.1,15.8,9.9,2.6
2025-11-22,11.7,14.7,9.1,2.0
2025-11-23,12.2,14.8,9.5,0.0
2025-11-24,11.3,14.5,8.6,1.6
2025-11-25,10.0,12.4,8.5,2.5
2025-11-26,10.7,15.2,7.0,0.2
2025-11-27,10.7,14.8,7.5,0.0
2025-11-28,10.6,17.7,6.4,0.0
2025-11-29,10.7,17.7,5.9,0.0
2025-11-30,10.9,17.6,6.0,0.0
2025-12-01,11.0,17.3,6.7,0.0
